scope,metric,baseline,clara_mean,baseline_mean,difference,ci_low,ci_high,sign_flip_p,n_zones,bootstrap_draws,bootstrap_seed,relative_difference_pct,relative_ci_low_pct,relative_ci_high_pct,holm_p
ALL,mean_errf,Static,2.853115784150112,3.1534355401078487,-0.300319755957737,-0.313023192096766,-0.28624256247479607,0.001953125,10,10000,20260925,-9.523573643349813,-10.067844071604348,-8.966570757005323,0.017578125
ALL,mean_errf,ACI,2.853115784150112,2.976416401082641,-0.12330061693252974,-0.12671206067567903,-0.12005743864922311,0.001953125,10,10000,20260925,-4.142586262045855,-4.3685561164783335,-3.9116479551481227,0.017578125
ALL,mean_errf,AgACI,2.853115784150112,2.969236335933296,-0.11612055178318426,-0.12681609996235904,-0.10460270219083707,0.001953125,10,10000,20260925,-3.910788453512737,-4.4261118235777595,-3.4070956037942297,0.017578125
ALL,mean_errf,EnbPI-RH,2.853115784150112,3.1005948225163156,-0.24747903836620383,-0.260526674936166,-0.23492845927021086,0.001953125,10,10000,20260925,-7.98166327857569,-8.145769039902262,-7.8611663632240685,0.017578125
ALL,mean_errf,TSC,2.853115784150112,2.9858308205103317,-0.13271503636022008,-0.13811229352054483,-0.1268581654047351,0.001953125,10,10000,20260925,-4.444827732655543,-4.552084584220362,-4.345531904832746,0.017578125
ALL,mean_errf,EEE,2.853115784150112,2.9822587219617107,-0.12914293781159936,-0.13426772922906755,-0.12333918864236042,0.001953125,10,10000,20260925,-4.33037337976665,-4.472865491127943,-4.187404596387962,0.017578125
ALL,mean_errf,CART,2.853115784150112,2.934668078451565,-0.08155229430145403,-0.08739515690604596,-0.07438885018292272,0.001953125,10,10000,20260925,-2.7789273649128754,-2.9779459446292753,-2.5166814098553405,0.017578125
ALL,mean_errf,LinUCB,2.853115784150112,2.8969429512637404,-0.04382716711362904,-0.0558653925300094,-0.034089228418252696,0.001953125,10,10000,20260925,-1.512876430463006,-1.8822226605678636,-1.2137086849485978,0.017578125
ALL,mean_errf,LinUCB (pre-period initialization),2.853115784150112,2.904063463849841,-0.05094767969972982,-0.07505576359152,-0.030821116213820682,0.001953125,10,10000,20260925,-1.7543583442281019,-2.519548858616386,-1.0907536595069953,0.017578125
ALL,tuwr,Static,0.1023063795531924,0.29536959294357634,-0.19306321339038396,-0.2228613316489579,-0.16028668954230108,0.001953125,10,10000,20260925,,,,0.017578125
ALL,tuwr,ACI,0.1023063795531924,0.012938352247251558,0.08936802730594082,0.07909789740091029,0.10155722089919939,0.001953125,10,10000,20260925,,,,0.017578125
ALL,tuwr,AgACI,0.1023063795531924,0.01317920739619829,0.0891271721569941,0.07895749173163027,0.10118318792950579,0.001953125,10,10000,20260925,,,,0.017578125
ALL,tuwr,EnbPI-RH,0.1023063795531924,0.16746835374419256,-0.06516197419100019,-0.07125538044576687,-0.05840515917862336,0.001953125,10,10000,20260925,,,,0.017578125
ALL,tuwr,TSC,0.1023063795531924,0.017047101747731205,0.08525927780546118,0.07510134591598205,0.0971234787733309,0.001953125,10,10000,20260925,,,,0.017578125
ALL,tuwr,EEE,0.1023063795531924,0.07920130117183244,0.023105078381359938,0.012877509356056579,0.03393616003243259,0.00390625,10,10000,20260925,,,,0.017578125
ALL,tuwr,CART,0.1023063795531924,0.11458301818317133,-0.012276638629978975,-0.015771131527979727,-0.00868107385688642,0.001953125,10,10000,20260925,,,,0.017578125
ALL,tuwr,LinUCB,0.1023063795531924,0.13352019283579633,-0.03121381328260393,-0.038605805046861716,-0.02499699416670075,0.001953125,10,10000,20260925,,,,0.017578125
ALL,tuwr,LinUCB (pre-period initialization),0.1023063795531924,0.12457834014255906,-0.0222719605893667,-0.03152787953857282,-0.01270608198110193,0.005859375,10,10000,20260925,,,,0.017578125
R01,mean_errf,Static,1.6521871659581868,1.5910296222076585,0.06115754375052829,0.05362034526207199,0.06786112846748071,0.001953125,10,10000,20260925,3.8438972409368555,3.239563435546983,4.4257945794517335,0.017578125
R01,mean_errf,ACI,1.6521871659581868,1.8421451304278278,-0.18995796446964075,-0.20072327621708008,-0.17851163839126222,0.001953125,10,10000,20260925,-10.311780615543809,-11.22348458798057,-9.394825435833754,0.017578125
R01,mean_errf,AgACI,1.6521871659581868,1.9334229609247173,-0.2812357949665303,-0.2953713564315752,-0.26630871908757053,0.001953125,10,10000,20260925,-14.54600471032066,-15.714402179439377,-13.364122512329613,0.017578125
R01,mean_errf,EnbPI-RH,1.6521871659581868,1.6542773560912185,-0.0020901901330311777,-0.009128506761856616,0.004783588226543867,0.58984375,10,10000,20260925,-0.12635064642185778,-0.5626813034322053,0.2843179957483597,0.58984375
R01,mean_errf,TSC,1.6521871659581868,1.7911207872906652,-0.13893362133247805,-0.1473768846066357,-0.12990582742093945,0.001953125,10,10000,20260925,-7.756797995887032,-8.47968189449895,-7.0319865998590885,0.017578125
R01,mean_errf,EEE,1.6521871659581868,1.746458332858884,-0.09427116690069708,-0.09982267095344226,-0.08837081108767733,0.001953125,10,10000,20260925,-5.397848040633124,-5.914926711004346,-4.881988591227127,0.017578125
R01,mean_errf,CART,1.6521871659581868,1.734704587140311,-0.08251742118212416,-0.09600116016774562,-0.06850759510214154,0.001953125,10,10000,20260925,-4.756857265141356,-5.689317509730367,-3.831222242618841,0.017578125
R01,mean_errf,LinUCB,1.6521871659581868,1.6245908722442164,0.0275962937139707,0.02047308581064923,0.034888874294284465,0.001953125,10,10000,20260925,1.6986611328086987,1.23828985016408,2.188364423261193,0.017578125
R01,mean_errf,LinUCB (pre-period initialization),1.6521871659581868,1.6246184706680438,0.02756869529014334,0.021506663721530008,0.034279653227357924,0.001953125,10,10000,20260925,1.6969335131839847,1.285755361860938,2.1745196484083777,0.017578125
R01,tuwr,Static,0.18549606741938107,0.29536959294357634,-0.10987352552419524,-0.1293500738575528,-0.08843650758043906,0.001953125,10,10000,20260925,,,,0.017578125
R01,tuwr,ACI,0.18549606741938107,0.012938352247251558,0.1725577151721295,0.1512847793785484,0.19656662741648123,0.001953125,10,10000,20260925,,,,0.017578125
R01,tuwr,AgACI,0.18549606741938107,0.013179207396198286,0.17231686002318278,0.15102846701196032,0.19627865579292514,0.001953125,10,10000,20260925,,,,0.017578125
R01,tuwr,EnbPI-RH,0.18549606741938107,0.16746835374419258,0.0180277136751885,0.001835184076227877,0.033357889685163795,0.05859375,10,10000,20260925,,,,0.05859375
R01,tuwr,TSC,0.18549606741938107,0.017047101747731205,0.16844896567164985,0.14729439125350993,0.19210612791470738,0.001953125,10,10000,20260925,,,,0.017578125
R01,tuwr,EEE,0.18549606741938107,0.07920130117183244,0.1062947662475486,0.08975273735584818,0.12271736213402568,0.001953125,10,10000,20260925,,,,0.017578125
R01,tuwr,CART,0.18549606741938107,0.11267015507244474,0.0728259123469363,0.0586974476879357,0.08617795423544135,0.001953125,10,10000,20260925,,,,0.017578125
R01,tuwr,LinUCB,0.18549606741938107,0.24098706304558587,-0.05549099562620483,-0.07060715044748557,-0.04066686914622459,0.001953125,10,10000,20260925,,,,0.017578125
R01,tuwr,LinUCB (pre-period initialization),0.18549606741938107,0.24256284578137727,-0.057066778361996195,-0.07230942378887482,-0.04209228561888727,0.001953125,10,10000,20260925,,,,0.017578125
R02,mean_errf,Static,1.8777888937677882,1.8234061708258351,0.05438272294195323,0.04823800912630811,0.05993497014508285,0.001953125,10,10000,20260925,2.9824799220309117,2.5595240735930536,3.3911795480294424,0.017578125
R02,mean_errf,ACI,1.8777888937677882,2.0108452358561,-0.13305634208831182,-0.14208748686681236,-0.12338866196679507,0.001953125,10,10000,20260925,-6.616935988694539,-7.298569669166478,-5.934859430534473,0.017578125
R02,mean_errf,AgACI,1.8777888937677882,2.0874794287986536,-0.2096905350308651,-0.22291835296298962,-0.19529190179020145,0.001953125,10,10000,20260925,-10.04515455999212,-11.0166105208762,-9.07901615287221,0.017578125
R02,mean_errf,EnbPI-RH,1.8777888937677882,1.869388075529443,0.008400818238345664,0.004042233883559412,0.01238564596185221,0.005859375,10,10000,20260925,0.4493886715291051,0.21752725550802987,0.6581513370778673,0.017578125
R02,mean_errf,TSC,1.8777888937677882,1.968809946643189,-0.09102105287540045,-0.0972408549296109,-0.08423495881769202,0.001953125,10,10000,20260925,-4.62315080389507,-5.103625694438467,-4.142314203961553,0.017578125
R02,mean_errf,EEE,1.8777888937677882,1.930258858644565,-0.05246996487677662,-0.05672173324743565,-0.048078211142217414,0.001953125,10,10000,20260925,-2.718286443385187,-3.046049017535231,-2.4019660882889693,0.017578125
R02,mean_errf,CART,1.8777888937677882,1.9102361221974415,-0.032447228429652954,-0.04409798596665276,-0.020269580906153016,0.001953125,10,10000,20260925,-1.6985977834157784,-2.3706662868017188,-1.0297639809674928,0.017578125
R02,mean_errf,LinUCB,1.8777888937677882,1.8575081505824258,0.020280743185362528,0.01445094304696422,0.026424023893481707,0.001953125,10,10000,20260925,1.091825259501733,0.762798464754707,1.4352810493121426,0.017578125
R02,mean_errf,LinUCB (pre-period initialization),1.8777888937677882,1.8709467650920928,0.006842128675695824,-0.007237133731201495,0.018928195602865645,0.34765625,10,10000,20260925,0.3657040811291479,-0.3850176898927099,1.0247942110369195,0.34765625
R02,tuwr,Static,0.1593868003165321,0.29536959294357634,-0.1359827926270442,-0.15947926460507428,-0.11005420905320051,0.001953125,10,10000,20260925,,,,0.017578125
R02,tuwr,ACI,0.1593868003165321,0.012938352247251558,0.14644844806928053,0.12879312103919696,0.1669591140135092,0.001953125,10,10000,20260925,,,,0.017578125
R02,tuwr,AgACI,0.1593868003165321,0.013179207396198286,0.1462075929203338,0.1285431818027685,0.16665436962853558,0.001953125,10,10000,20260925,,,,0.017578125
R02,tuwr,EnbPI-RH,0.1593868003165321,0.16746835374419258,-0.008081553427660459,-0.019944450272903667,0.0034196214622408544,0.212890625,10,10000,20260925,,,,0.21875
R02,tuwr,TSC,0.1593868003165321,0.017047101747731205,0.14233969856880088,0.12478413153598915,0.16262018406139334,0.001953125,10,10000,20260925,,,,0.017578125
R02,tuwr,EEE,0.1593868003165321,0.07920130117183244,0.08018549914469966,0.06765051284755212,0.09351326489199027,0.001953125,10,10000,20260925,,,,0.017578125
R02,tuwr,CART,0.1593868003165321,0.11611166199959996,0.04327513831693215,0.02834185342020369,0.05792731862552126,0.001953125,10,10000,20260925,,,,0.017578125
R02,tuwr,LinUCB,0.1593868003165321,0.20763188023673088,-0.048245079920198754,-0.06633695760184988,-0.031942368449586214,0.001953125,10,10000,20260925,,,,0.017578125
R02,tuwr,LinUCB (pre-period initialization),0.1593868003165321,0.18798873971900978,-0.028601939402477673,-0.05732080097762775,0.0021065153505840815,0.109375,10,10000,20260925,,,,0.21875
Rref,mean_errf,Static,2.5655471010626147,2.6641393017814856,-0.09859220071887073,-0.1044322554359095,-0.09224451706357478,0.001953125,10,10000,20260925,-3.7007149233128755,-3.9624816579389397,-3.44824929791195,0.017578125
Rref,mean_errf,ACI,2.5655471010626147,2.621198426281986,-0.055651325219371196,-0.05985575208143824,-0.0511146954267399,0.001953125,10,10000,20260925,-2.1231252339148243,-2.35990089347179,-1.8801155912601375,0.017578125
Rref,mean_errf,AgACI,2.5655471010626147,2.644852267623457,-0.07930516656084192,-0.09069261325592305,-0.06732960093914368,0.001953125,10,10000,20260925,-2.9984724489773518,-3.5517083683360777,-2.4628702704122745,0.017578125
Rref,mean_errf,EnbPI-RH,2.5655471010626147,2.647653824508188,-0.08210672344557332,-0.09006873382102557,-0.07475229996540471,0.001953125,10,10000,20260925,-3.1011124900675036,-3.2809083393788447,-2.9381642868886164,0.017578125
Rref,mean_errf,TSC,2.5655471010626147,2.611685332165804,-0.04613823110318886,-0.04829728544734354,-0.044073592314670604,0.001953125,10,10000,20260925,-1.766607582274382,-1.8405013867500972,-1.6938298286640694,0.017578125
Rref,mean_errf,EEE,2.5655471010626147,2.5952450305882655,-0.02969792952565058,-0.03199498819251249,-0.02747936562583497,0.001953125,10,10000,20260925,-1.1443208319685705,-1.2268984802771508,-1.0694776290207644,0.017578125
Rref,mean_errf,CART,2.5655471010626147,2.5608494619300606,0.00469763913255461,0.0021368562101411913,0.0073615442243347325,0.009765625,10,10000,20260925,0.18344065914024377,0.0818958408986642,0.2930706559903923,0.017578125
Rref,mean_errf,LinUCB,2.5655471010626147,2.589996892342705,-0.024449791280090682,-0.031011128821390926,-0.018359478770721287,0.001953125,10,10000,20260925,-0.9440085180169699,-1.174561395179068,-0.7261468199662666,0.017578125
Rref,mean_errf,LinUCB (pre-period initialization),2.5655471010626147,2.5985964177840595,-0.03304931672144482,-0.043008103899461886,-0.02327029532567556,0.001953125,10,10000,20260925,-1.2718141414828632,-1.636238583563113,-0.9022438962134556,0.017578125
Rref,tuwr,Static,0.07442569392861638,0.29536959294357634,-0.22094389901495998,-0.25506618354712124,-0.18356527354274782,0.001953125,10,10000,20260925,,,,0.017578125
Rref,tuwr,ACI,0.07442569392861638,0.012938352247251558,0.06148734168136481,0.05352487156795073,0.07085596167180408,0.001953125,10,10000,20260925,,,,0.017578125
Rref,tuwr,AgACI,0.07442569392861638,0.013179207396198286,0.061246486532418064,0.0533000259951159,0.0705801108948871,0.001953125,10,10000,20260925,,,,0.017578125
Rref,tuwr,EnbPI-RH,0.07442569392861638,0.16746835374419258,-0.0930426598155762,-0.09912987602038162,-0.08716918902347456,0.001953125,10,10000,20260925,,,,0.017578125
Rref,tuwr,TSC,0.07442569392861638,0.017047101747731205,0.05737859218088516,0.04966013653625922,0.06636902005813947,0.001953125,10,10000,20260925,,,,0.017578125
Rref,tuwr,EEE,0.07442569392861638,0.07920130117183244,-0.004775607243216072,-0.01603085646933673,0.005663583121085007,0.44921875,10,10000,20260925,,,,0.8984375
Rref,tuwr,CART,0.07442569392861638,0.1138475166269326,-0.03942182269831623,-0.04746466921038955,-0.032157134588706074,0.001953125,10,10000,20260925,,,,0.017578125
Rref,tuwr,LinUCB,0.07442569392861638,0.09350420357653524,-0.019078509647918872,-0.026451981380404024,-0.009941892769261915,0.0078125,10,10000,20260925,,,,0.0234375
Rref,tuwr,LinUCB (pre-period initialization),0.07442569392861638,0.08238338214107561,-0.007957688212459246,-0.026824171792892742,0.012290911158398529,0.455078125,10,10000,20260925,,,,0.8984375
R10,mean_errf,Static,3.2893618361991512,3.6824185597712478,-0.39305672357209664,-0.41116861000625937,-0.37284436565946305,0.001953125,10,10000,20260925,-10.67387417242741,-11.300245112224934,-10.029902162725442,0.017578125
R10,mean_errf,ACI,3.2893618361991512,3.360446079282282,-0.07108424308313074,-0.07376731739484992,-0.06840660771963036,0.001953125,10,10000,20260925,-2.1153216390340956,-2.173970962668064,-2.056637744569974,0.017578125
R10,mean_errf,AgACI,3.2893618361991512,3.319931171790144,-0.030569335590992397,-0.039837476880454824,-0.02099348999786863,0.001953125,10,10000,20260925,-0.9207822093043383,-1.245025304609168,-0.6103472669229357,0.017578125
R10,mean_errf,EnbPI-RH,3.2893618361991512,3.5902738310352404,-0.30091199483608866,-0.31995323835559286,-0.28264655287821994,0.001953125,10,10000,20260925,-8.381310423593025,-8.620752195058772,-8.188179067947509,0.017578125
R10,mean_errf,TSC,3.2893618361991512,3.3903232214633805,-0.10096138526422864,-0.11026081513067643,-0.09112635470411515,0.001953125,10,10000,20260925,-2.977928022468923,-3.1315263910631828,-2.7966264869778197,0.017578125
R10,mean_errf,EEE,3.2893618361991512,3.4006630649300136,-0.11130122873086253,-0.1196075371683919,-0.10252216270073657,0.001953125,10,10000,20260925,-3.2729272675872334,-3.4171192599152587,-3.1192247527097936,0.017578125
R10,mean_errf,CART,3.2893618361991512,3.3425248074229694,-0.05316297122381752,-0.0622980849218496,-0.044279884692725084,0.001953125,10,10000,20260925,-1.5905034154348074,-1.8080492603108516,-1.3618720118055518,0.017578125
R10,mean_errf,LinUCB,3.2893618361991512,3.3509149453425744,-0.06155310914342245,-0.0737418778685432,-0.05113452535027268,0.001953125,10,10000,20260925,-1.8369045513666582,-2.146469300671597,-1.5679365288499771,0.017578125
R10,mean_errf,LinUCB (pre-period initialization),3.2893618361991512,3.368912880128817,-0.07955104392966587,-0.1081926866881054,-0.054805150312048474,0.001953125,10,10000,20260925,-2.361326836288624,-3.1314379682929716,-1.6745780170513336,0.017578125
R10,tuwr,Static,0.05505049544758085,0.29536959294357634,-0.2403190974959955,-0.2768221165021522,-0.20105800175179306,0.001953125,10,10000,20260925,,,,0.017578125
R10,tuwr,ACI,0.05505049544758085,0.012938352247251558,0.04211214320032929,0.03687593368867358,0.04771962843664032,0.001953125,10,10000,20260925,,,,0.017578125
R10,tuwr,AgACI,0.05505049544758085,0.013179207396198286,0.041871288051382564,0.03669089248476217,0.04744017841152656,0.001953125,10,10000,20260925,,,,0.017578125
R10,tuwr,EnbPI-RH,0.05505049544758085,0.16746835374419258,-0.11241785829661173,-0.12110136277316645,-0.10588237808061178,0.001953125,10,10000,20260925,,,,0.017578125
R10,tuwr,TSC,0.05505049544758085,0.017047101747731205,0.03800339369984965,0.03296612415182397,0.04323962675604565,0.001953125,10,10000,20260925,,,,0.017578125
R10,tuwr,EEE,0.05505049544758085,0.07920130117183244,-0.024150805724251587,-0.037849347733383755,-0.012964265258228497,0.001953125,10,10000,20260925,,,,0.017578125
R10,tuwr,CART,0.05505049544758085,0.11544578613812509,-0.06039529069054424,-0.07083573319194311,-0.051133090996684276,0.001953125,10,10000,20260925,,,,0.017578125
R10,tuwr,LinUCB,0.05505049544758085,0.07116087996440094,-0.01611038451682009,-0.023426699068484047,-0.0093875027327745,0.001953125,10,10000,20260925,,,,0.017578125
R10,tuwr,LinUCB (pre-period initialization),0.05505049544758085,0.05919344295615975,-0.0041429475085789,-0.018850317096676856,0.00999939900345318,0.59765625,10,10000,20260925,,,,0.59765625
R20,mean_errf,Static,4.8806939237628155,6.006184045953014,-1.1254901221901987,-1.1755078742112877,-1.0699920870000261,0.001953125,10,10000,20260925,-18.738855046384362,-19.74451673909295,-17.681682292751336,0.017578125
R20,mean_errf,ACI,4.8806939237628155,5.04744713356501,-0.1667532098021943,-0.17931894909209817,-0.15325016631464705,0.001953125,10,10000,20260925,-3.3037138456251003,-3.419221891528708,-3.168037148669068,0.017578125
R20,mean_errf,AgACI,4.8806939237628155,4.860495850529507,0.020198073233308557,0.01321675785566407,0.027425992297732658,0.00390625,10,10000,20260925,0.4155558168228657,0.2829097065271724,0.5447133637125978,0.017578125
R20,mean_errf,EnbPI-RH,4.8806939237628155,5.741381025417487,-0.8606871016546715,-0.9039145072664537,-0.8191101501260365,0.001953125,10,10000,20260925,-14.990942037191946,-15.290715103444596,-14.762461189796587,0.017578125
R20,mean_errf,TSC,4.8806939237628155,5.16721481498862,-0.28652089122580415,-0.31198478161659715,-0.25993350824208483,0.001953125,10,10000,20260925,-5.544977352106384,-5.802556424306587,-5.250133716758812,0.017578125
R20,mean_errf,EEE,4.8806939237628155,5.238668322786825,-0.35797439902400974,-0.37960001425378637,-0.33470232442419484,0.001953125,10,10000,20260925,-6.833309096262418,-7.050553720042238,-6.595042280165296,0.017578125
R20,mean_errf,CART,4.8806939237628155,5.125025413567045,-0.24433148980422992,-0.270902327179585,-0.2177119934244796,0.001953125,10,10000,20260925,-4.767420063077776,-5.149227646691659,-4.334163203363633,0.017578125
R20,mean_errf,LinUCB,4.8806939237628155,5.061703895806781,-0.18100997204396502,-0.22148554568392295,-0.14799097897687888,0.001953125,10,10000,20260925,-3.5760679757248948,-4.266344047095705,-2.9920158731178437,0.017578125
R20,mean_errf,LinUCB (pre-period initialization),4.8806939237628155,5.057242785576193,-0.17654886181337776,-0.2498759917042298,-0.11426463768129753,0.001953125,10,10000,20260925,-3.4910102065282334,-4.793852089996133,-2.324787513750134,0.017578125
R20,tuwr,Static,0.03717284065385153,0.29536959294357634,-0.2581967522897248,-0.29606049174240406,-0.21821915350924326,0.001953125,10,10000,20260925,,,,0.017578125
R20,tuwr,ACI,0.03717284065385153,0.012938352247251558,0.024234488406599974,0.02057665133325211,0.027897692042485937,0.001953125,10,10000,20260925,,,,0.017578125
R20,tuwr,AgACI,0.03717284065385153,0.013179207396198286,0.02399363325765324,0.020393480977793026,0.027620154597398066,0.001953125,10,10000,20260925,,,,0.017578125
R20,tuwr,EnbPI-RH,0.03717284065385153,0.16746835374419258,-0.13029551309034101,-0.14111142822305556,-0.12246354514422474,0.001953125,10,10000,20260925,,,,0.017578125
R20,tuwr,TSC,0.03717284065385153,0.017047101747731205,0.02012573890612033,0.016708802586199178,0.023532468007011403,0.001953125,10,10000,20260925,,,,0.017578125
R20,tuwr,EEE,0.03717284065385153,0.07920130117183244,-0.04202846051798091,-0.058120791761438556,-0.029470124069860944,0.001953125,10,10000,20260925,,,,0.017578125
R20,tuwr,CART,0.03717284065385153,0.1148399710787544,-0.07766713042490288,-0.09020227569987248,-0.06714332028856419,0.001953125,10,10000,20260925,,,,0.017578125
R20,tuwr,LinUCB,0.03717284065385153,0.054316937355728644,-0.017144096701877116,-0.02571863063572029,-0.008739130767493762,0.0078125,10,10000,20260925,,,,0.017578125
R20,tuwr,LinUCB (pre-period initialization),0.03717284065385153,0.05076329011517302,-0.01359044946132149,-0.027331276345717363,-0.0015431442059614655,0.08984375,10,10000,20260925,,,,0.08984375
