price_id,regime,method,changed_fraction,delta_ERRF_contribution,delta_capacity_contribution,delta_exceedance_contribution,delta_covered_contribution,delta_width_contribution
ALL,ordinary,FIX_REFERENCE_PRICE,0.4241424705790301,0.054270248165991818,0.027539878465819873,0.026730369700171962,0.01809495560841564,0.0077359209173651329
ALL,ordinary,GLOBAL_SCORE_SAME_SCREEN,0.44484044933711148,0.0025439105730775428,0.039450364979258579,-0.036906454406181025,0.0012615173588705546,0.011081563196420948
ALL,ordinary,NO_BACKOFF_EXACT,0.094675515996452075,0.006826737155159605,0.0035527783821642949,0.0032739587729953105,0.00032025366138317809,0.0009979714556641278
ALL,ordinary,NO_G,0.3001025454291093,-0.01425708812631033,-0.013665436978792045,-0.00059165114751828589,-0.0028885280827826679,-0.0038386058929191142
ALL,ordinary,NO_RWG,0.427805338122562,-0.030361522423673883,-0.0072251800058156304,-0.023136342417858245,-0.0009590332588651501,-0.0020295449454538288
ALL,ordinary,NO_SCREEN,0.17305735283090812,-0.012651959326502362,-0.028714080951777344,0.016062121625274976,-0.0078253736155655639,-0.0080657530763419503
ALL,ordinary,WIDTH_ONLY,0.74379415651628356,0.23136164471655102,-0.20733615538851832,0.43869780010506904,-0.082356996764018864,-0.058240493086662459
ALL,ordinary,WIDTH_SAME_SCREEN,0.65328718656796469,0.18301685115060509,-0.14897217285475964,0.33198902400536445,-0.063895235469240946,-0.041846115970438101
ALL,overall,FIX_REFERENCE_PRICE,0.4322067237945596,0.06918766921254646,0.038556694606997025,0.030630974605549411,0.019702377799420509,0.010830532192976708
ALL,overall,GLOBAL_SCORE_SAME_SCREEN,0.39844991476804381,0.007682896504237033,0.027970062736704483,-0.02028716623246745,-3.2472572792336196e-05,0.0078567591957035051
ALL,overall,NO_BACKOFF_EXACT,0.081295908219326862,0.0088064783805202225,0.0018485715403468652,0.0069579068401733586,-4.8277660930185688e-05,0.00051926166863675949
ALL,overall,NO_G,0.32206311041354835,-0.014551893605678448,-0.011507295678398793,-0.0030445979272796546,-0.0026091776285685785,-0.0032323864265165147
ALL,overall,NO_RWG,0.44509572701479938,-0.034303857805408115,-0.036990548015928063,0.0026866902105199516,-0.0099960771525185437,-0.010390603375260692
ALL,overall,NO_SCREEN,0.23889145364917388,-0.024666832653995632,-0.048032418048305402,0.02336558539430976,-0.014201758722579019,-0.013492252260759946
ALL,overall,WIDTH_ONLY,0.7645904428733763,0.33775346628080005,-0.27331855655374837,0.61107202283454898,-0.09938882964660356,-0.076774875436446219
ALL,overall,WIDTH_SAME_SCREEN,0.62065506852897168,0.22420922769899923,-0.16331178579900624,0.38752101349800572,-0.063846101442094752,-0.045874097134552351
ALL,ramp,FIX_REFERENCE_PRICE,0.42704969817738886,0.081807219915833562,0.048956383030844264,0.032850836884989298,0.019840474271015145,0.013751792986192213
ALL,ramp,GLOBAL_SCORE_SAME_SCREEN,0.32579160592542922,0.0081655559511376007,0.014910399224939743,-0.0067448432738021367,-0.001244824356111885,0.0041883143890280167
ALL,ramp,NO_BACKOFF_EXACT,0.088843522953485896,0.010498718421174552,-0.0019632332946573038,0.012461951715831856,-0.0011181198807202896,-0.00055147002658913061
ALL,ramp,NO_G,0.34086384040455014,-0.015083781567199302,-0.0085366843016259249,-0.0065470972655733801,-0.0017447462601693393,-0.0023979450285466081
ALL,ramp,NO_RWG,0.51006157150130738,-0.049588497873553558,-0.084709844286730493,0.035121346413176942,-0.025106387088568986,-0.023794900080542272
ALL,ramp,NO_SCREEN,0.34070239180539413,-0.043240160449919268,-0.08006137081131405,0.036821210361394768,-0.02495819827091094,-0.022489149104301696
ALL,ramp,WIDTH_ONLY,0.81570886514898933,0.45216133793020125,-0.36132933051723448,0.81349066844743567,-0.12260858269929971,-0.10149700295427937
ALL,ramp,WIDTH_SAME_SCREEN,0.56035054032771492,0.25954901487570253,-0.17423829887455208,0.43378731375025464,-0.060326607944350297,-0.048943342380492166
R01,ordinary,FIX_REFERENCE_PRICE,0.68915305350610279,0.099304681050895224,0.13268146610228698,-0.033376785051391723,0.063587383722237101,0.037270074747833414
R01,ordinary,GLOBAL_SCORE_SAME_SCREEN,0.14460586356606714,-0.0062381217841695532,-0.0072527576015090521,0.0010146358173394997,-0.00072960280337098387,-0.0020372914610980492
R01,ordinary,NO_BACKOFF_EXACT,0.082779010487027072,0.0026937098602546851,0.0031632081417570256,-0.00046949828150234015,0.00094546518467502044,0.0008885416128530969
R01,ordinary,NO_G,0.21238464159618511,-0.013496052960844173,-0.016672720579267226,0.0031766676184230508,-0.0054351860256694482,-0.004683348477322255
R01,ordinary,NO_RWG,0.31884908958054659,-0.021043096879381516,-0.024827213426340661,0.0037841165469591461,-0.0073888021599272866,-0.0069739363557136695
R01,ordinary,NO_SCREEN,0.22486914638143501,-0.030769777677941111,-0.038670838183693712,0.0079010605057525992,-0.012242674919312699,-0.01086259499541958
R01,ordinary,WIDTH_ONLY,0.60380890644340324,-0.082232537985235415,-0.10219456775205124,0.019962029766815822,-0.036864568650197396,-0.028706339256194164
R01,ordinary,WIDTH_SAME_SCREEN,0.62363836219614277,-0.056655150011033384,-0.070721510410984526,0.014066360399951128,-0.026809142334491332,-0.019865592812074302
R01,overall,FIX_REFERENCE_PRICE,0.70799644089410951,0.13093271634606257,0.17614802004975749,-0.045215303703694934,0.072692969714277411,0.049479780912853266
R01,overall,GLOBAL_SCORE_SAME_SCREEN,0.11607604071810637,-0.0047176927671886285,-0.0054254835880596887,0.00070779082087106321,-0.00041354350410172509,-0.0015240122438369929
R01,overall,NO_BACKOFF_EXACT,0.079503657261284652,0.0044569125393230363,0.0055396671754386773,-0.0010827546361156383,0.0016602716928819025,0.0015560862852355829
R01,overall,NO_G,0.28349828558686957,-0.016182748559322214,-0.019548336455621384,0.0033655878962991692,-0.0057743865617192929,-0.0054911057459610625
R01,overall,NO_RWG,0.38928034446775739,-0.045199068172388432,-0.057256911505376283,0.012057843332987853,-0.018656422020317996,-0.016083402108251765
R01,overall,NO_SCREEN,0.35156816876488572,-0.05925863505371156,-0.07701528839316818,0.017756653339456595,-0.025138481538837205,-0.021633507975609041
R01,overall,WIDTH_ONLY,0.62770837032009175,-0.10579087160202516,-0.13572723111098797,0.029936359508962805,-0.046398237731746658,-0.03812562671656964
R01,overall,WIDTH_SAME_SCREEN,0.57452290568827746,-0.052929887136950481,-0.067463446040530367,0.01453355890357988,-0.023677071704031615,-0.018950406191160209
R01,ramp,FIX_REFERENCE_PRICE,0.73409084786467538,0.1597027037534437,0.21533669048171972,-0.055633986728276033,0.076444109371543029,0.060487834404977472
R01,ramp,GLOBAL_SCORE_SAME_SCREEN,0.085993330405752799,-0.0031091845629041921,-0.0035423538121175636,0.00043316924921337266,-8.4773079461164655e-05,-0.00099504320565100201
R01,ramp,NO_BACKOFF_EXACT,0.10105915156956717,0.0041548787984931022,0.0052337316592755536,-0.0010788528607824509,0.0013134591675582512,0.0014701493424931326
R01,ramp,NO_G,0.36405847119969514,-0.018182084788910563,-0.02133196774678588,0.0031498829578753113,-0.0052682267744135142,-0.0059921257715690674
R01,ramp,NO_RWG,0.53381505907052473,-0.089475059583426469,-0.11592840926468362,0.026453349681257142,-0.040190314680207603,-0.032564159905810006
R01,ramp,NO_SCREEN,0.536411146650142,-0.10590622849571807,-0.1388919851924855,0.032985756696767413,-0.047377454681956643,-0.039014602582158844
R01,ramp,WIDTH_ONLY,0.70267068327546345,-0.14951093384313996,-0.19494902306635903,0.045438089223219083,-0.066004947598771818,-0.054760961535494111
R01,ramp,WIDTH_SAME_SCREEN,0.50825386375125148,-0.051540864572015496,-0.06705636447275036,0.01551549990073486,-0.021621279586496792,-0.018836057436165832
R02,ordinary,FIX_REFERENCE_PRICE,0.62897694391535919,0.057867134463184887,0.11841780358551449,-0.060550669122329571,0.058680387663399149,0.033263427973459124
R02,ordinary,GLOBAL_SCORE_SAME_SCREEN,0.15264949382728726,-0.0058382653959613831,-0.0091049560212802354,0.0032666906253188514,-0.0012763181057873075,-0.0025575719160899546
R02,ordinary,NO_BACKOFF_EXACT,0.093030141453857837,0.0041661606017851707,0.0065016480497379929,-0.0023354874479528222,0.0018473083996485707,0.0018263056319488737
R02,ordinary,NO_G,0.26836525967830599,-0.015715468314864301,-0.026246928116368841,0.010531459801504536,-0.0080236204090496539,-0.0073727326169575379
R02,ordinary,NO_RWG,0.39267826952853635,-0.022935757572950317,-0.034551787184031457,0.01161602961108114,-0.010741867123310846,-0.0097055581977616434
R02,ordinary,NO_SCREEN,0.28999404639087112,-0.029118464603196198,-0.048667578750116118,0.019549114146919913,-0.015833035175449806,-0.013670668188234866
R02,ordinary,WIDTH_ONLY,0.63857243326949198,-0.07033126975473819,-0.11645823026882371,0.046126960514085512,-0.041771564709035355,-0.032712986030568464
R02,ordinary,WIDTH_SAME_SCREEN,0.62150995113344187,-0.044862051141357204,-0.075644848155210886,0.030782797013853679,-0.028537080034295483,-0.021248552852587331
R02,overall,FIX_REFERENCE_PRICE,0.64282449790630125,0.074761700141070531,0.15579761291411012,-0.081035912773039606,0.066042958478026006,0.043763374414075913
R02,overall,GLOBAL_SCORE_SAME_SCREEN,0.12651783042352535,-0.0044817444911529978,-0.0074270782798189789,0.0029453337886659837,-0.0010715919563118979,-0.0020862579437693775
R02,overall,NO_BACKOFF_EXACT,0.088122737926728506,0.0046337132361440412,0.0075768758145811563,-0.0029431625784371138,0.0021809532194430807,0.002128335902972235
R02,overall,NO_G,0.33694527793270879,-0.016336064643851962,-0.025895988318817821,0.009559923674965852,-0.0076726226419001013,-0.0072741540221398365
R02,overall,NO_RWG,0.45857692140446682,-0.041514190298370501,-0.072253012478574144,0.030738822180203639,-0.023457615037613302,-0.020295790022071387
R02,overall,NO_SCREEN,0.42542392630034875,-0.051007172881869602,-0.09330891087446895,0.042301737992599349,-0.030495808526723865,-0.026210368223165442
R02,overall,WIDTH_ONLY,0.6669751197878333,-0.086810224594359442,-0.15607763824663529,0.069267413652275872,-0.053048248967998056,-0.043842033215346993
R02,overall,WIDTH_SAME_SCREEN,0.5728503580367873,-0.040120628385381163,-0.071919509256452893,0.031798880871071723,-0.025192705716941016,-0.020202109341700244
R02,ramp,FIX_REFERENCE_PRICE,0.65634219831270146,0.088931465096461174,0.18712222029557837,-0.0981907551991172,0.067762438615555615,0.052562421431342245
R02,ramp,GLOBAL_SCORE_SAME_SCREEN,0.097043605702590158,-0.0029841295949953211,-0.0055755696389717538,0.0025914400439764349,-0.00074787963038587513,-0.0015661712469021791
R02,ramp,NO_BACKOFF_EXACT,0.10931175387978506,0.0032566970758068914,0.0055853218459254918,-0.0023286247701186005,0.0014605049331939362,0.0015689106308779479
R02,ramp,NO_G,0.41520826886623141,-0.016670434510845496,-0.024822595487450458,0.0081521609766049621,-0.0063873736167899455,-0.0069726391818681049
R02,ramp,NO_RWG,0.60096687707026297,-0.075446049630450596,-0.13815603117105199,0.062709981540601395,-0.046823615227001444,-0.038807873924452806
R02,ramp,NO_SCREEN,0.61345556345233487,-0.086793573892377615,-0.16314065780426518,0.07634708391188752,-0.054872592364769948,-0.045826027473108183
R02,ramp,WIDTH_ONLY,0.74432082767766039,-0.1192100965486274,-0.2231634932525004,0.10395339670387302,-0.074686618354759232,-0.062686374509129325
R02,ramp,WIDTH_SAME_SCREEN,0.50432202105223634,-0.036942048431891764,-0.070712834585836215,0.033770786153944438,-0.022667237855397371,-0.019863155782538257
R05P6179775281,ordinary,FIX_REFERENCE_PRICE,0,0,0,0,0,0
R05P6179775281,ordinary,GLOBAL_SCORE_SAME_SCREEN,0.80766139827998396,0.02855804332038573,-0.00080538933844508402,0.029363432658830818,-0.023250938561494901,-0.00022623296023738617
R05P6179775281,ordinary,NO_BACKOFF_EXACT,0.10281432481465555,0.0046901452449568566,0.0047097898671941149,-1.9644622237257769e-05,0.00028751181457245534,0.0013229746817960992
R05P6179775281,ordinary,NO_G,0.36088292637835945,-0.01192103533629502,-0.020080186064126791,0.0081591507278317762,-0.0032228578870045848,-0.0056405017034064035
R05P6179775281,ordinary,NO_RWG,0.50945358402824081,-0.02107983391835256,-0.0096528544250142137,-0.011426979493338343,0.0011405543109425705,-0.0027114759620826471
R05P6179775281,ordinary,NO_SCREEN,0.1579538757567677,-0.0098848334317258781,-0.026627493147287167,0.016742659715561287,-0.0058546486951565006,-0.0074796329065413393
R05P6179775281,ordinary,WIDTH_ONLY,0.80965755669268658,0.064780229169299736,-0.23487603385433822,0.29965626302363785,-0.1004519523724345,-0.065976414004027581
R05P6179775281,ordinary,WIDTH_SAME_SCREEN,0.69726149732636988,0.06290924308781165,-0.17438513708112632,0.23729438016893792,-0.081139712880064746,-0.048984589067732121
R05P6179775281,overall,FIX_REFERENCE_PRICE,0,0,0,0,0,0
R05P6179775281,overall,GLOBAL_SCORE_SAME_SCREEN,0.753805207488635,0.037655753287799021,-0.030469183670204326,0.068124936958003326,-0.029210797226405731,-0.0085587594579225636
R05P6179775281,overall,NO_BACKOFF_EXACT,0.085192946840331255,0.0047770949760503204,0.00099276407934254136,0.0037843308967077821,-0.00073840466540313755,0.00027886631442206213
R05P6179775281,overall,NO_G,0.37274250003876769,-0.012034040167049009,-0.015531755862844606,0.0034977156957955976,-0.0028353969366402567,-0.0043628527704619681
R05P6179775281,overall,NO_RWG,0.50722722698879585,-0.024919597264747302,-0.042135853219053374,0.017216255954306078,-0.0091962987906203282,-0.011835913825576794
R05P6179775281,overall,NO_SCREEN,0.20017093546945186,-0.014305013319284642,-0.037891484810336523,0.023586471491051874,-0.0092414717845622305,-0.010643675508521494
R05P6179775281,overall,WIDTH_ONLY,0.82675250499428876,0.11032510396654524,-0.31187525116074538,0.42220035512729071,-0.11909120744602406,-0.087605407629422927
R05P6179775281,overall,WIDTH_SAME_SCREEN,0.66851334412683905,0.08552042537861812,-0.19693555862444756,0.28245598400306576,-0.081916271191951689,-0.05531897714169879
R05P6179775281,ramp,FIX_REFERENCE_PRICE,0,0,0,0,0,0
R05P6179775281,ramp,GLOBAL_SCORE_SAME_SCREEN,0.65505273581680268,0.044925616832453739,-0.062527859292580992,0.10745347612503472,-0.034463890790737792,-0.017564005419264325
R05P6179775281,ramp,NO_BACKOFF_EXACT,0.087287478502837551,0.0044363261490433003,-0.0047087535413137963,0.0091450796903570983,-0.0024823232338649936,-0.0013226835790207299
R05P6179775281,ramp,NO_G,0.37561566629868798,-0.011334653795079636,-0.010024495816873685,-0.0013101579782059548,-0.0016916390149797011,-0.0028158696114813724
R05P6179775281,ramp,NO_RWG,0.55246876020742131,-0.034559882190423816,-0.093037521836718123,0.058477639646294308,-0.025688629938562912,-0.026134135347392728
R05P6179775281,ramp,NO_SCREEN,0.27399311838172691,-0.02186932370800182,-0.057957362262421375,0.036088038554419555,-0.01452813563387206,-0.016280157938882409
R05P6179775281,ramp,WIDTH_ONLY,0.86537743324878991,0.15753493786481509,-0.41028571354807875,0.56782065141289384,-0.14244905697031485,-0.11524879594047158
R05P6179775281,ramp,WIDTH_SAME_SCREEN,0.60282533675221128,0.10623021638930363,-0.21382517671923168,0.32005539310853531,-0.077196039516441842,-0.060063251887424639
R10,ordinary,FIX_REFERENCE_PRICE,0.31275995377165733,0.013860210787361405,-0.038096627933949335,0.051956838721310739,-0.012000629961251437,-0.010701299981446441
R10,ordinary,GLOBAL_SCORE_SAME_SCREEN,0.63138219150278707,0.029441833047584826,0.12620100883170085,-0.096759175784116011,0.01971418249887576,0.035449721581938445
R10,ordinary,NO_BACKOFF_EXACT,0.09884304542142798,0.0062979941551777443,0.0037760904679642027,0.0025219036872135411,-0.00024030505868364937,0.0010606995696528661
R10,ordinary,NO_G,0.34780174414505566,-0.011641952327478116,-0.0071498339652784374,-0.004492118362199678,0.00048454518671699404,-0.0020083803273254043
R10,ordinary,NO_RWG,0.48989038907968013,-0.029979298406535904,0.0101494597467266,-0.0401287581532625,0.0056566778476249396,0.0028509718389681457
R10,ordinary,NO_SCREEN,0.10795898770769352,-0.0022608463961813394,-0.017508535348318997,0.015247688952137659,-0.0031017295720807752,-0.0049181279068311792
R10,ordinary,WIDTH_ONLY,0.82609798705771209,0.31237232511509883,-0.27297266178828755,0.58534498690338554,-0.11245258233368594,-0.076677713985474044
R10,ordinary,WIDTH_SAME_SCREEN,0.68031023399926682,0.25338417335262969,-0.20172632473655652,0.45511049808918563,-0.090011597504146335,-0.056664697959706876
R10,overall,FIX_REFERENCE_PRICE,0.32209542805452102,0.01863445054658381,-0.049978943435421572,0.068613393982005361,-0.015478253040904402,-0.0140390290548937
R10,overall,GLOBAL_SCORE_SAME_SCREEN,0.56410371503708812,0.029189988086708141,0.11154152689523086,-0.082351538808522723,0.019944920558575628,0.031331889577312047
R10,overall,NO_BACKOFF_EXACT,0.07912729528181095,0.0085963066166030288,-0.00099988234153292619,0.0095961889581359545,-0.0013657007879109729,-0.00028086582627329386
R10,overall,NO_G,0.33488963431452712,-0.010904705124583112,-0.0011391634364279167,-0.0097655416881551917,0.0012857210562302053,-0.0003199897293336851
R10,overall,NO_RWG,0.47431166543837833,-0.023481765725833912,-0.017008048147413492,-0.0064737175784204152,-0.0013136792256971794,-0.0047775416144419927
R10,overall,NO_SCREEN,0.12602782461932591,-0.004156020374655971,-0.020188149570263856,0.01603212919560788,-0.0039260869136713838,-0.0056708285309729932
R10,overall,WIDTH_ONLY,0.8429881579056957,0.45827583151241569,-0.36185419459616697,0.82013002610858332,-0.13456946048692847,-0.10164443668431666
R10,overall,WIDTH_SAME_SCREEN,0.65963906766067137,0.30980045983470345,-0.23219609401552685,0.54199655385023071,-0.093065367423286069,-0.065223621914473895
R10,ramp,FIX_REFERENCE_PRICE,0.30057966645316514,0.022384436895272617,-0.059209138137803451,0.081593575033076057,-0.017662573796063653,-0.01663178037578749
R10,ramp,GLOBAL_SCORE_SAME_SCREEN,0.4493606495912042,0.020556938645600882,0.093189037856662355,-0.072632099211061465,0.019441133038740704,0.026176696027152346
R10,ramp,NO_BACKOFF_EXACT,0.076543020145084656,0.011178274861320826,-0.0070473292095074355,0.018225604070828259,-0.0028463344070310767,-0.001979586856603213
R10,ramp,NO_G,0.30785201867908801,-0.010360361462160864,0.0047823414497539293,-0.015142702911914791,0.0021464956657903517,0.0013433543398185185
R10,ramp,NO_RWG,0.48378108786965895,-0.022080515394120308,-0.055967233174139097,0.033886717780018796,-0.011199555189400145,-0.015721132914084016
R10,ramp,NO_SCREEN,0.16472088570222398,-0.0059817220407259635,-0.02702358293700623,0.021041860896280268,-0.0054442443730509504,-0.0075908940834287161
R10,ramp,WIDTH_ONLY,0.87674289671237438,0.62281948286214495,-0.46949485168588223,1.0923143345480271,-0.16011163076637849,-0.1318805763162591
R10,ramp,WIDTH_SAME_SCREEN,0.60449473058463243,0.35903976301667423,-0.25474559400167096,0.61378535701834525,-0.089528342281496448,-0.0715577511240649
R20,ordinary,FIX_REFERENCE_PRICE,0.48982240170203123,0.10031921452851759,-0.075303249424752777,0.17562246395327036,-0.019792363382306617,-0.021152598153020438
R20,ordinary,GLOBAL_SCORE_SAME_SCREEN,0.48790329950943168,-0.033203936322451902,0.088213919025826412,-0.12141785534827829,0.011850263766130208,0.024779190737591692
R20,ordinary,NO_BACKOFF_EXACT,0.095911057805291952,0.016285675913623572,-0.00038684461583186002,0.016672520529455431,-0.0012387120332965069,-0.00010866421793029749
R20,ordinary,NO_G,0.31107815534764033,-0.018510931692070048,0.0018224838310810635,-0.020333415523151117,0.0017544787210933544,0.00051193366041602851
R20,ordinary,NO_RWG,0.42815535839580637,-0.056769625341149085,0.022756495259581584,-0.079526120600730665,0.0065382708303448724,0.0063922739493206702
R20,ordinary,NO_SCREEN,0.084510707917773348,0.0087741254765327098,-0.012095959329470716,0.020870084806003428,-0.0020947797158280411,-0.0033977413846827858
R20,ordinary,WIDTH_ONLY,0.84083389911812367,0.93221947703832997,-0.31017928327909094,1.24239876031742,-0.12024431575474112,-0.087129012157048033
R20,ordinary,WIDTH_SAME_SCREEN,0.64371588818460235,0.70030804046497475,-0.22238304388991992,0.92269108435489389,-0.092978644593206872,-0.062467147160089866
R20,overall,FIX_REFERENCE_PRICE,0.48811725211786633,0.12160947902901538,-0.089183216493460907,0.21079269552247623,-0.024745786154296467,-0.025051465307151938
R20,overall,GLOBAL_SCORE_SAME_SCREEN,0.43174678017286433,-0.019231821594980374,0.071630532326374549,-0.090862353921354888,0.01058864926428205,0.020120936046734421
R20,overall,NO_BACKOFF_EXACT,0.074532903786478921,0.021568364534480692,-0.003866567026095123,0.025434931560575809,-0.0019785077636618013,-0.0010861143331727884
R20,overall,NO_G,0.28223985419486858,-0.017301909533585937,0.0045787656817177641,-0.021880675215303701,0.0019507969411865528,0.0012861701353139784
R20,overall,NO_RWG,0.3960824767745984,-0.036404667565700446,0.0037010852707769701,-0.040105752836477403,0.0026436293116560887,0.0010396306940384759
R20,overall,NO_SCREEN,0.091266413091857193,0.0053926783595436125,-0.011758256593289485,0.017150934952833097,-0.0022069448491004065,-0.0033028810655307537
R20,overall,WIDTH_ONLY,0.85852806135897208,1.3127674921214241,-0.40105846765420622,1.713825959775632,-0.14383699360032054,-0.11265687293657492
R20,overall,WIDTH_SAME_SCREEN,0.62774966713228297,0.81877576880400638,-0.24804432105807356,1.0668200898620808,-0.095379091174263381,-0.069675371083728593
R20,ramp,FIX_REFERENCE_PRICE,0.44423577825640226,0.13801749383399034,-0.098467857485273341,0.23648535131926365,-0.027341602835959274,-0.027659510529571163
R20,ramp,GLOBAL_SCORE_SAME_SCREEN,0.34150770811079634,-0.018561461564467099,0.053008741011706675,-0.071570202576173761,0.0096312886812847005,0.014890095789805245
R20,ramp,NO_BACKOFF_EXACT,0.070016210670155024,0.029467415221208642,-0.0088791372276663325,0.038346552448874978,-0.0030359058634575652,-0.0024941396706927911
R20,ramp,NO_G,0.24158477697904809,-0.018871373278999952,0.0087132960932264723,-0.027584669372226429,0.0024770124395461141,0.0024475550823669862
R20,ramp,NO_RWG,0.37927607328866914,-0.026380982569346595,-0.020460025987059656,-0.0059209565822869372,-0.0016298204076728284,-0.005747198310971811
R20,ramp,NO_SCREEN,0.11493124484054289,0.0043500458872271237,-0.013293265860391965,0.017643311747619086,-0.0025685643009051109,-0.0037340634439303267
R20,ramp,WIDTH_ONLY,0.88943248483065851,1.7491732993158133,-0.50875357103335206,2.2579268703491655,-0.16979065980627411,-0.14290830647004277
R20,ramp,WIDTH_SAME_SCREEN,0.58185674949824329,0.92095800797644201,-0.26485152459327121,1.1858095325697133,-0.090620140481919062,-0.074396495672267221
