price_id,regime,method,ERRF,capacity,exceedance,coverage,width,TUWR,TOWR,ARD,under_gap,over_gap,IS,below_floor
ALL,ordinary,CLARA,2.6433333019755807,1.4384720932382624,1.2048612087373181,0.65584989107359648,0.40343641871564201,0.08826354765013153,0.44702732586537525,0.084675445281085587,0.011230975115530799,0.073444470165554776,0.61825271562569095,0.015545454545454546
ALL,ordinary,FEASIBLE_STATE_ORACLE,2.5967909676473382,1.4366657978054354,1.1601251698419026,0.65726560479350338,0.40292903235810629,0.090499777099297421,0.44890833959678245,0.085836754696747564,0.011321908619829239,0.074514846076918315,0.61597002990077643,0.021454545454545455
ALL,ordinary,FIX_REFERENCE_PRICE,2.6976035501415727,1.4660119717040825,1.23159157843749,0.67394484668201216,0.41117233963300714,0.064063194895159686,0.53888842065452214,0.096096578791868628,0.00715779655667949,0.088938782235189126,0.61768029578532324,0.0045454545454545452
ALL,ordinary,GLOBAL_SCORE_SAME_SCREEN,2.6458772125486578,1.4779224582175206,1.167954754331137,0.65711140843246707,0.41451798191206296,0.075252701683960296,0.45126678680224452,0.082575676974033327,0.010226129252863782,0.072349547721169555,0.61921050657659149,0.015727272727272725
ALL,ordinary,NO_BACKOFF_EXACT,2.6501600391307401,1.4420248716204267,1.2081351675103134,0.6561701447349797,0.40443439017130611,0.085327423760005558,0.448432835338194,0.083956692853587075,0.010914441878191062,0.073042250975396003,0.6181515325431477,0.014545454545454545
ALL,ordinary,NO_G,2.6290762138492707,1.4248066562594706,1.2042695575897997,0.65296136299081387,0.39959781282272289,0.10124619226619709,0.4361380216736902,0.085478505581407099,0.012905381739560634,0.072573123841846457,0.61897725929372727,0.038545454545454542
ALL,ordinary,NO_RWG,2.612971779551907,1.4312469132324472,1.1817248663194599,0.65489085781473144,0.40140687377018819,0.14173759880372991,0.42080172310590447,0.089225183221954274,0.018333814492886111,0.070891368729068163,0.62115079328567246,0.045545454545454542
ALL,ordinary,NO_SCREEN,2.6306813426490785,1.4097580122864852,1.220923330362593,0.64802451745803091,0.39537066563930007,0.14531135572065274,0.41013368986782639,0.08724067364166091,0.01934260478121801,0.067898068860442889,0.62087136196715753,0.054181818181818185
ALL,ordinary,OUTCOME_ORACLE,2.314742076693054,1.3509609301565981,0.96378114653645586,0.66328035079551362,0.37885463133315184,0.12119720811042071,0.46943751737690809,0.096669113177694471,0.017108018366623366,0.079561094811071084,0.54655417098402104,0.091999999999999998
ALL,ordinary,STATE_ORACLE,2.5722759680831624,1.4056268324119479,1.1666491356712143,0.64935074138711668,0.39421022185431764,0.15427782113685395,0.40684233244471413,0.088403319727082541,0.02006410597011548,0.068339213756967054,0.61744824126714859,0.064818181818181816
ALL,ordinary,WIDTH_ONLY,2.8746949466921325,1.2311359378497451,1.6435590088423875,0.57349289430957762,0.34519592562897955,0.34595360656359675,0.081549390726374058,0.063094194559073197,0.04943500934576045,0.013659185213312736,0.62892175095825109,0.34363636363636363
ALL,ordinary,WIDTH_SAME_SCREEN,2.8263501531261861,1.2894999203835034,1.5368502327426827,0.59195465560435556,0.36159030274520393,0.18646785648938846,0.1544650921718925,0.050804277997510902,0.025981656382608999,0.024822621614901893,0.62072709552106187,0.14281818181818182
ALL,overall,CLARA,2.8531157841501149,1.5751324760926471,1.2779833080574685,0.64374820200425698,0.44163055437955967,0.10230637955319237,0.42427228355141605,0.082350965874586068,0.01312431703019859,0.069226648844387464,0.67270882403583776,0.038272727272727278
ALL,overall,FEASIBLE_STATE_ORACLE,2.817666159375118,1.5727208357307281,1.2449453236443904,0.64489578232819345,0.44095312731160502,0.10415282210485455,0.4277219290927442,0.083561828417461334,0.01312288806708635,0.070438940350374984,0.67093942219572311,0.046090909090909092
ALL,overall,FIX_REFERENCE_PRICE,2.9223034533626615,1.6136891706996441,1.308614282663018,0.66345057980367739,0.45246108657253636,0.074425693928616365,0.51658793435110373,0.092865158658659436,0.0085312374222248025,0.084333921236434614,0.67220294991523288,0.016818181818181819
ALL,overall,GLOBAL_SCORE_SAME_SCREEN,2.8607986806543528,1.6031025388293536,1.2576961418250012,0.6437157294314646,0.44948731357526317,0.088105055058751103,0.42820759387206875,0.080248930955783712,0.012022721159094581,0.068226209796689113,0.67193662171028368,0.035454545454545454
ALL,overall,NO_BACKOFF_EXACT,2.8619222625306353,1.5769810476329942,1.284941214897642,0.64369992434332679,0.44214981604819642,0.099056598269812682,0.42519861159057404,0.081588634445923763,0.012771556672105619,0.068817077773818125,0.67269219285055093,0.035454545454545454
ALL,overall,NO_G,2.8385638905444361,1.5636251804142478,1.2749387101301888,0.64113902437568826,0.43839816795304315,0.11657380902570849,0.41445431442056169,0.08346428442273536,0.014961953887906415,0.068502330534828931,0.67292657978323822,0.066363636363636361
ALL,overall,NO_RWG,2.818811926344706,1.5381419280767177,1.2806699982679883,0.63375212485173837,0.4312399510042989,0.15980984881696739,0.40024281657203087,0.087798610347604833,0.020916627355593059,0.066881982992011757,0.67816414452502338,0.16572727272727272
ALL,overall,NO_SCREEN,2.8284489514961186,1.5271000580443412,1.3013488934517783,0.62954644328167786,0.42813830211879972,0.16487561881208695,0.38919056393798052,0.086226475357304461,0.022282047157994499,0.063944428199309941,0.67839315843099546,0.19827272727272727
ALL,overall,OUTCOME_ORACLE,2.4923758499010162,1.4562579111020069,1.0361179387990089,0.6444170760410618,0.40823882264061639,0.13515136828890267,0.45563953590710904,0.095427748276995919,0.019213233113660622,0.076214515163335286,0.59432651957724114,0.21727272727272728
ALL,overall,STATE_ORACLE,2.7813259803569927,1.5184205148549628,1.2629054655020304,0.62949027410222447,0.42570022818919923,0.17354235724382663,0.38784827729984384,0.087453673478667254,0.022891086068015491,0.064562587410651739,0.6755028465493641,0.23509090909090907
ALL,overall,WIDTH_ONLY,3.1908692504309135,1.3018139195388962,1.8890553308920173,0.54435937235765341,0.36485567894311338,0.38195324857482887,0.06767253764141723,0.067105564788730976,0.055422383388502784,0.011683181400228181,0.6909001873004943,0.66454545454545455
ALL,overall,WIDTH_SAME_SCREEN,3.0773250118491133,1.4118206902936392,1.6655043215554741,0.57990210056216218,0.3957564572450073,0.21419547251551582,0.13365866291883061,0.051799604071601557,0.029827980500485206,0.021971623571116334,0.67687933085728802,0.24327272727272725
ALL,ramp,CLARA,3.1812306064854718,1.7544526587087232,1.4267779477767468,0.62471377495408598,0.49187923983749815,0.11616371781085251,0.40299874981537487,0.080300462605004383,0.015013116732168614,0.065287345872835759,0.7567199117736424,0.18309090909090911
ALL,ramp,FEASIBLE_STATE_ORACLE,3.1511420963183139,1.7522591334030508,1.3988829629152617,0.62600002752752992,0.49126308104377003,0.117658672930868,0.40755516168934858,0.081484312235517178,0.01490712510880395,0.066577187126713205,0.75479023807587109,0.18763636363636363
ALL,ramp,FIX_REFERENCE_PRICE,3.2630378264013045,1.8034090417395674,1.4596287846617362,0.64455424922510107,0.50563103282369037,0.084383742214284296,0.49498709806130259,0.089813765154365344,0.0098923515848495184,0.07992141356951582,0.75609128503768597,0.1040909090909091
ALL,ramp,GLOBAL_SCORE_SAME_SCREEN,3.1893961624366103,1.7693630579336639,1.4200331045029446,0.62346895059797414,0.49606755422652621,0.10042196052578527,0.40547414817081895,0.078098201611152898,0.013799858856132174,0.064298342755020707,0.75329420254946844,0.16799999999999998
ALL,ramp,NO_BACKOFF_EXACT,3.1917293249066461,1.7524894254140662,1.4392398994925786,0.62359565507336567,0.49132776981090914,0.11257738828224276,0.40356385570783748,0.07950922157425952,0.014635890360986165,0.064873331213273336,0.75703188330411864,0.18363636363636365
ALL,ramp,NO_G,3.1661468249182718,1.7459159744070973,1.4202308505111734,0.62296902869391668,0.48948129480895164,0.13172331650038008,0.39435803318461715,0.081665653325442178,0.016979291552270882,0.064686361773171289,0.7567947408213247,0.20954545454545456
ALL,ramp,NO_RWG,3.1316421086119171,1.6697428144219923,1.4618992941899236,0.59960738786551704,0.4680843397569559,0.17927198597611918,0.38150578575270844,0.086960234680304727,0.023794231439848223,0.063166003240456486,0.77087135716716038,0.36781818181818182
ALL,ramp,NO_SCREEN,3.1379904460355514,1.6743912878974094,1.4635991581381416,0.59975557668317503,0.46939009073319643,0.18481857279106575,0.37029857926601101,0.085632751111125838,0.025314684808950143,0.060318066302175677,0.76966622601842682,0.37963636363636366
ALL,ramp,OUTCOME_ORACLE,2.769279079356906,1.5881340831516351,1.1811449962052705,0.61359562177066262,0.44516053883831636,0.15005208939066281,0.44114524376784764,0.094454431576785763,0.02147833062057386,0.072976100956211903,0.66834095477574418,0.32372727272727275
ALL,ramp,STATE_ORACLE,3.0925847126234571,1.6601849895836072,1.4323997230398491,0.59867982529992303,0.46539955749898254,0.19333812268915876,0.37035284662136525,0.086819885668378588,0.025788261261080431,0.061031624407298146,0.76639062983052575,0.40754545454545454
ALL,ramp,WIDTH_ONLY,3.6333919444156706,1.3931233281914879,2.2402686162241827,0.50210519225478634,0.39038223688321871,0.4190270434763444,0.054577858296368117,0.0712135968406859,0.061417591490940879,0.0097960053497449968,0.79072361298351601,0.84136363636363642
ALL,ramp,WIDTH_SAME_SCREEN,3.4407796213611723,1.5802143598341705,1.8605652615270014,0.56438716700973568,0.44293589745700601,0.24069715857326143,0.11434179874653565,0.052827314230410205,0.033527001055143821,0.019300313175266363,0.76320232131910859,0.44809090909090904
R01,ordinary,CLARA,1.5261656125631913,1.3333305056017957,0.19283510696139552,0.610357462959775,0.3739022648851737,0.1603025179167632,0.20899797296451234,0.055076246888141847,0.02244106392302312,0.032635182965118713,0.61575354916104319,0.043181818181818182
R01,ordinary,FEASIBLE_STATE_ORACLE,1.5090354714523604,1.3131571306568444,0.19587834079551608,0.60509642508462436,0.36823558652985028,0.17162898521780462,0.19154733130315527,0.054057417547419759,0.023747598180234676,0.030309819367185076,0.61772384363958621,0.059090909090909083
R01,ordinary,FIX_REFERENCE_PRICE,1.6254702936140863,1.4660119717040825,0.15945832191000381,0.67394484668201216,0.41117233963300714,0.064063194895159686,0.53888842065452214,0.096096578791868628,0.00715779655667949,0.088938782235189126,0.61768029578532324,0.0045454545454545452
R01,ordinary,GLOBAL_SCORE_SAME_SCREEN,1.5199274907790215,1.3260777480002868,0.19384974277873501,0.60962786015640402,0.37186497342407565,0.16330888471870603,0.20912154187111534,0.055407290452320887,0.02287042704645938,0.032536863405861503,0.61599096940910714,0.046363636363636364
R01,ordinary,NO_BACKOFF_EXACT,1.5288593224234459,1.3364937137435526,0.19236560867989319,0.61130292814445009,0.37479080649802682,0.15697562037810056,0.21737724732104927,0.055768670120224628,0.021958957853143043,0.033809712267081578,0.61625220649787171,0.040000000000000001
R01,ordinary,NO_G,1.5126695596023469,1.3166577850225285,0.19601177457981858,0.60492227693410561,0.36921891640785148,0.17789912109623696,0.18553392491372586,0.054170134152410253,0.024824880639915441,0.029345253512494812,0.61563019196914259,0.08136363636363636
R01,ordinary,NO_RWG,1.5051225156838099,1.3085032921754554,0.19661922350835465,0.60296866079984768,0.36692832852946006,0.23908773506595646,0.1618316214294328,0.059289129052412848,0.03380388795021981,0.025485241102193031,0.61693074404117221,0.098636363636363633
R01,ordinary,NO_SCREEN,1.4953958348852503,1.2946596674181021,0.20073616746714812,0.59811478804046236,0.36303966988975411,0.25797275365842232,0.14725305899702265,0.060239686944972989,0.037155780093143,0.02308390685182999,0.6180817797054291,0.11272727272727272
R01,ordinary,OUTCOME_ORACLE,1.4439330745779562,1.2348329028343978,0.20910017174355819,0.57353447765753296,0.34623439893927538,0.34538789631520928,0.081577804318442443,0.063031571010498874,0.049367131671752842,0.013664439338746023,0.61291851812371101,0.34227272727272728
R01,ordinary,STATE_ORACLE,1.4778613582298528,1.2741953388227976,0.20366601940705489,0.59216063755226034,0.3572912629809607,0.27694375225769458,0.12476779889699278,0.059343167443610935,0.039450752981532472,0.019892414462078446,0.62105698592864944,0.14090909090909093
R01,ordinary,WIDTH_ONLY,1.4439330745779562,1.2311359378497451,0.21279713672821138,0.57349289430957762,0.34519592562897955,0.34595360656359675,0.081549390726374058,0.063094194559073197,0.04943500934576045,0.013659185213312736,0.62892175095825109,0.34363636363636363
R01,ordinary,WIDTH_SAME_SCREEN,1.469510462552158,1.2626089951908113,0.20690146736134665,0.58354832062528372,0.35403667207309941,0.24434801116690602,0.12364029442848859,0.054205178071621785,0.033922342627188559,0.020282835444433208,0.62471873714476878,0.22181818181818183
R01,overall,CLARA,1.6521871659581904,1.4375411506498859,0.21464601530830446,0.59075761008940009,0.4029813056596831,0.18549606741938107,0.18244422642335767,0.05484610146066142,0.026020215973991862,0.028825885486669534,0.67095193563108724,0.10636363636363637
R01,overall,FEASIBLE_STATE_ORACLE,1.6395917974176151,1.4228950928262749,0.21669670459133986,0.58731233206397193,0.39886724447327576,0.19752904639797114,0.16682811868613714,0.054181381354981309,0.027396408475343487,0.026784972879637804,0.6739050670935921,0.13454545454545455
R01,overall,FIX_REFERENCE_PRICE,1.7831198823042538,1.6136891706996441,0.16943071160460957,0.66345057980367739,0.45246108657253636,0.074425693928616365,0.51658793435110373,0.092865158658659436,0.0085312374222248025,0.084333921236434614,0.67220294991523288,0.016818181818181819
R01,overall,GLOBAL_SCORE_SAME_SCREEN,1.6474694731910013,1.4321156670618258,0.21535380612917554,0.59034406658529837,0.40145729341584613,0.18851154633546002,0.18328000318877394,0.055229924298993795,0.026421774355701793,0.028808149943291977,0.67135862703632498,0.11090909090909092
R01,overall,NO_BACKOFF_EXACT,1.6566440784975136,1.4430808178253247,0.21356326067218884,0.59241788178228194,0.40453739194491867,0.18164186868787308,0.19034817705824178,0.055405460174532448,0.025475714711392861,0.029929745463139562,0.67191214716379366,0.10136363636363636
R01,overall,NO_G,1.6360044173988679,1.4179928141942644,0.21801160320460369,0.58498322352768073,0.39749019991372203,0.20478701047630121,0.16010275788183498,0.054341074168635282,0.028624994212630279,0.025716079956004979,0.67067956160064846,0.16454545454545455
R01,overall,NO_RWG,1.6069880977858013,1.3802842391445087,0.22670385864129233,0.57210118806908206,0.38689790355143139,0.26882499666085874,0.13853873795477764,0.060348946866301587,0.038236391509207837,0.022112555357093732,0.67560528163978617,0.35136363636363638
R01,overall,NO_SCREEN,1.5929285309044787,1.3605258622567176,0.23240266864776107,0.56561912855056284,0.38134779768407406,0.29240957851361815,0.12459151677679932,0.062421038547826199,0.042567119031530015,0.019853919516296163,0.67723207765028381,0.42636363636363639
R01,overall,OUTCOME_ORACLE,1.5463962943561635,1.3052206593238831,0.24117563503228037,0.54444400633371381,0.36581262832091871,0.38133802210523327,0.067702034351961857,0.0670287054530702,0.055340662540090145,0.011688042912980054,0.67463696598459177,0.66363636363636358
R01,overall,STATE_ORACLE,1.5778577954940254,1.3425194340194841,0.23533836147454118,0.5604170076332875,0.37628981222417723,0.3120289752550317,0.10464015589029405,0.062011529293992604,0.044951974966535899,0.017059554327456698,0.68126906497342088,0.50954545454545452
R01,overall,WIDTH_ONLY,1.5463962943561635,1.3018139195388962,0.2445823748172673,0.54435937235765341,0.36485567894311338,0.38195324857482887,0.06767253764141723,0.067105564788730976,0.055422383388502791,0.011683181400228181,0.6909001873004943,0.66454545454545455
R01,overall,WIDTH_SAME_SCREEN,1.5992572788212387,1.3700777046093542,0.22917957421188437,0.56708053838536843,0.38403089946852281,0.27663138670955728,0.105646479015796,0.05635429558766588,0.038584156378649204,0.017770139209016676,0.68295953413707322,0.40909090909090906
R01,ramp,CLARA,1.8326894072833226,1.5880723512578478,0.24461705602547493,0.56811013985355818,0.44514319841871297,0.21073381643978067,0.15929902573095384,0.055194060514539747,0.029634688541875575,0.025559371972664148,0.75835926472541448,0.40000000000000002
R01,ramp,FEASIBLE_STATE_ORACLE,1.8232588619380572,1.5771992868762297,0.2460595750618273,0.5658289647915955,0.44208896685084281,0.22329182514404189,0.14473267464434419,0.054725537459102788,0.031047046916243638,0.023678490542859143,0.76233204426752266,0.42863636363636359
R01,ramp,FIX_REFERENCE_PRICE,1.9923921110367668,1.8034090417395674,0.18898306929719885,0.64455424922510107,0.50563103282369037,0.084383742214284296,0.49498709806130259,0.089813765154365344,0.0098923515848495184,0.07992141356951582,0.75609128503768597,0.1040909090909091
R01,ramp,GLOBAL_SCORE_SAME_SCREEN,1.8295802227204188,1.5845299974457305,0.24505022527468828,0.56802536677409698,0.44414815521306189,0.21382339472546269,0.16081311690957698,0.055618786863932776,0.030005816942740966,0.02561296992119181,0.7593072537587362,0.40181818181818185
R01,ramp,NO_BACKOFF_EXACT,1.8368442860818159,1.5933060829171235,0.24353820316469244,0.56942359902111639,0.44661334776120609,0.20650919348029423,0.16688257075536531,0.055680201047226374,0.029057667863944741,0.026622533183281626,0.7600292293834543,0.39136363636363636
R01,ramp,NO_G,1.8145073224944124,1.566740383511062,0.2477669389833502,0.56284191307914466,0.43915107264714381,0.23196107351833475,0.13819517980158624,0.055038927102545876,0.032437293902861972,0.022601633199683887,0.75824444118235657,0.45954545454545459
R01,ramp,NO_RWG,1.743214347699896,1.4721439419931641,0.27107040570673202,0.52791982517335057,0.41257903851290284,0.30201580468618455,0.11987512084878324,0.062729045041810788,0.043319269608705524,0.01940977543310524,0.77230410914312408,0.66136363636363638
R01,ramp,NO_SCREEN,1.7267831787876045,1.4491803660653624,0.27760281272224235,0.52073268517160154,0.40612859583655397,0.32827492960451421,0.10626984618799176,0.065481131361196668,0.048232599599544575,0.017248531761652072,0.77394131028708135,0.73863636363636365
R01,ramp,OUTCOME_ORACLE,1.6831784734401816,1.3964444910070672,0.28673398243311427,0.50221678301042105,0.39131514778647142,0.41838524071348066,0.054608195118119797,0.071128856578182603,0.061328057461781195,0.0098007991164013996,0.77261153947249028,0.83772727272727265
R01,ramp,STATE_ORACLE,1.7128907396558515,1.4322138607554813,0.28067687890037019,0.51576933415980353,0.40136272355849767,0.34841515046744143,0.087624119291063132,0.065320259226693364,0.050671815849233581,0.014648443377459769,0.77920395483899729,0.79000000000000004
R01,ramp,WIDTH_ONLY,1.6831784734401816,1.3931233281914879,0.29005514524869402,0.50210519225478634,0.39038223688321871,0.4190270434763444,0.054577858296368117,0.0712135968406859,0.061417591490940879,0.0097960053497449968,0.79072361298351601,0.84136363636363642
R01,ramp,WIDTH_SAME_SCREEN,1.7811485427113063,1.5210159867850963,0.26013255592620976,0.54648886026706134,0.42630714098254707,0.30805879974130057,0.088826014631561395,0.058460804174467237,0.043061035628828515,0.015399768545638712,0.77344129635785319,0.62863636363636366
R02,ordinary,CLARA,1.7270614810609053,1.3475941681185681,0.37946731294233715,0.61526445901861293,0.37790891165954804,0.13697844403421475,0.23107592722760648,0.05491311990121682,0.019122908112678794,0.035790211788538015,0.61470094617714133,0.025000000000000001
R02,ordinary,FEASIBLE_STATE_ORACLE,1.7122303539100714,1.3286927512421525,0.38353760266791881,0.61029169877898781,0.37259952489650983,0.14614002335385795,0.21295898901954952,0.053575569276536894,0.020175082924216291,0.033400486352320589,0.61534070763652582,0.038636363636363635
R02,ordinary,FIX_REFERENCE_PRICE,1.78492861552409,1.4660119717040825,0.31891664382000762,0.67394484668201216,0.41117233963300714,0.064063194895159686,0.53888842065452214,0.096096578791868628,0.00715779655667949,0.088938782235189126,0.61768029578532324,0.0045454545454545452
R02,ordinary,GLOBAL_SCORE_SAME_SCREEN,1.7212232156649439,1.338489212097288,0.38273400356765597,0.61398814091282561,0.37535133974345808,0.14161394023669552,0.22750440600198507,0.055024346069423233,0.019749415027953077,0.035274931041470142,0.61490275137064565,0.027727272727272729
R02,ordinary,NO_BACKOFF_EXACT,1.7312276416626904,1.3540958161683061,0.37713182549438434,0.61711176741826157,0.37973521729149684,0.13227639799845117,0.24269864712163125,0.055868707226050841,0.018496870462420465,0.037371836763630359,0.61484603851975883,0.023181818181818182
R02,ordinary,NO_G,1.7113460127460409,1.3213472400021993,0.3899987727438417,0.60724083860956335,0.37053617904259045,0.15840835882546644,0.19811501792656239,0.053474771856362048,0.022216465050700494,0.031258306805661537,0.615476294300071,0.07045454545454545
R02,ordinary,NO_RWG,1.7041257234879552,1.3130423809345371,0.39108334255341831,0.60452259189530211,0.3682033534617864,0.23177487301057606,0.16465091854332478,0.058641068364158645,0.032580126293560274,0.026060942070598371,0.61633277288506649,0.087727272727272737
R02,ordinary,NO_SCREEN,1.6979430164577092,1.2989265893684521,0.39901642708925711,0.59943142384316317,0.36423824347131312,0.25320504973807351,0.15260186634795342,0.060287560345990789,0.036538999058538114,0.023748561287452667,0.61787251003822685,0.10863636363636364
R02,ordinary,OUTCOME_ORACLE,1.6295318733042206,1.311316290411312,0.31821558289290852,0.59260226268146021,0.36771849657323996,0.23577645741081749,0.10833736010095844,0.051493778345731558,0.033602688285413997,0.017891090060317544,0.54392613896902708,0.11772727272727272
R02,ordinary,STATE_ORACLE,1.6810462967503601,1.2769372149853164,0.40410908176504368,0.59297216884111348,0.35806145291425245,0.27311036040217235,0.12651282771309008,0.059099808681703572,0.038980343137353921,0.020119465544349638,0.61965498476390402,0.13409090909090909
R02,ordinary,WIDTH_ONLY,1.6567302113061675,1.2311359378497451,0.42559427345642276,0.57349289430957762,0.34519592562897955,0.34595360656359675,0.081549390726374058,0.063094194559073197,0.04943500934576045,0.013659185213312736,0.62892175095825109,0.34363636363636363
R02,ordinary,WIDTH_SAME_SCREEN,1.6821994299195484,1.2719493199633576,0.41025010995619082,0.58672737898431748,0.35666035880696068,0.22150903679533357,0.13547500483722144,0.052656258515725266,0.030632056610026281,0.02202420190569896,0.62337242274637661,0.18772727272727271
R02,overall,CLARA,1.8777888937677922,1.4578915577855334,0.41989733598225876,0.59740762132565139,0.40869771215846046,0.1593868003165321,0.20347355068623357,0.054085769864194909,0.022264327262250406,0.031821442601944486,0.66901363011216597,0.059999999999999998
R02,overall,FEASIBLE_STATE_ORACLE,1.8667551605874746,1.4439653695110963,0.42278979107637793,0.59412270271939893,0.40478586151957374,0.1693084562017774,0.18699067883115111,0.053076228026963282,0.023390191074272655,0.029686036952690609,0.67092555845461388,0.077727272727272728
R02,overall,FIX_REFERENCE_PRICE,1.9525505939088634,1.6136891706996441,0.33886142320921914,0.66345057980367739,0.45246108657253636,0.074425693928616365,0.51658793435110373,0.092865158658659436,0.0085312374222248025,0.084333921236434614,0.67220294991523288,0.016818181818181819
R02,overall,GLOBAL_SCORE_SAME_SCREEN,1.8733071492766389,1.450464479505714,0.42284266977092477,0.5963360293693396,0.40661145421469114,0.16451258593199655,0.20091008605254271,0.054341817497760493,0.0229337591631864,0.031408058334574065,0.66949932004573454,0.063181818181818186
R02,overall,NO_BACKOFF_EXACT,1.8824226070039363,1.4654684336001149,0.41695417340382168,0.59958857454509451,0.41082604806143264,0.1541438214605422,0.21433028818675975,0.054865761558969196,0.021569962512509491,0.033295799046459677,0.66945588695386482,0.058181818181818182
R02,overall,NO_G,1.8614528291239396,1.431995569466715,0.42945725965722453,0.58973499868375134,0.40142355813632069,0.18280767860049324,0.17230344849426335,0.053197886299882827,0.025631136561245806,0.027566749738636997,0.66879445711967933,0.11454545454545455
R02,overall,NO_RWG,1.8362747034694209,1.3856385453069584,0.45063615816246233,0.57395000628803816,0.38840192213638908,0.2608633734903324,0.14156813281188316,0.059507656993140381,0.036840952742985822,0.022666704250154539,0.67488683711349429,0.32500000000000001
R02,overall,NO_SCREEN,1.8267817208859221,1.3645826469110642,0.4621990739748581,0.56691181279892755,0.38248734393529504,0.28691124003298041,0.12939618535506667,0.062315700745524262,0.041861598568952121,0.020454102176572113,0.67709495579660328,0.40545454545454546
R02,overall,OUTCOME_ORACLE,1.762970620026699,1.4003195831986903,0.36265103682800875,0.56542850677165069,0.39252580918462859,0.26553043572225848,0.090122421923914647,0.053121115298988053,0.03773012113904322,0.015390994159944823,0.59397716321912686,0.42272727272727273
R02,overall,STATE_ORACLE,1.8128599977196891,1.3448083619838249,0.46805163573586406,0.56114906077076798,0.37693276951753141,0.30783545772410442,0.10615435286455203,0.061663828344852047,0.044409565611065911,0.017254262733786125,0.68031578521506364,0.50136363636363634
R02,overall,WIDTH_ONLY,1.7909786691734311,1.3018139195388962,0.4891647496345346,0.54435937235765341,0.36485567894311338,0.38195324857482887,0.06767253764141723,0.067105564788730976,0.055422383388502791,0.011683181400228181,0.6909001873004943,0.66454545454545455
R02,overall,WIDTH_SAME_SCREEN,1.8376682653824097,1.3859720485290792,0.45169621685333039,0.57221491560871041,0.38849560281676015,0.25235648193851501,0.11635920936683868,0.054396039879575489,0.035008822339030778,0.019387217540544708,0.68069586450533881,0.33863636363636362
R02,ramp,CLARA,2.0924437152375046,1.6162868214439894,0.47615689379351495,0.57679181060954554,0.45306861139234805,0.1818359103247072,0.17905468308317782,0.053847679498547477,0.025464138511988275,0.028383540986559173,0.75454544522315115,0.30727272727272725
R02,ramp,FEASIBLE_STATE_ORACLE,2.0841768798442106,1.6062352199561147,0.47794165988809578,0.57476247233615774,0.45024512782833853,0.19238372388440306,0.16354314888901894,0.053029556736431151,0.026632378978878303,0.026397177757552827,0.75742625815459308,0.32954545454545453
R02,ramp,FIX_REFERENCE_PRICE,2.181375180333966,1.8034090417395674,0.3779661385943977,0.64455424922510107,0.50563103282369037,0.084383742214284296,0.49498709806130259,0.089813765154365344,0.0098923515848495184,0.07992141356951582,0.75609128503768597,0.1040909090909091
R02,ramp,GLOBAL_SCORE_SAME_SCREEN,2.0894595856425093,1.6107112518050175,0.47874833383749138,0.57604393097915962,0.45150244014544594,0.18734534041913969,0.17730142723310305,0.054195542897644236,0.026141460231765296,0.028054082665878922,0.75554271364568049,0.31318181818181817
R02,ramp,NO_BACKOFF_EXACT,2.0957004123133118,1.6218721432899148,0.47382826902339631,0.57825231554273937,0.4546375220232261,0.17616361113855797,0.18943708759553093,0.054540604253996726,0.024741933902181507,0.029798670351815205,0.75555661473787938,0.30136363636363639
R02,ramp,NO_G,2.0757732807266587,1.5914642259565386,0.48430905477011993,0.57040443699275556,0.44609597221047997,0.20723806682364132,0.14995901328210209,0.053418521604373916,0.029044271898098828,0.024374249706275074,0.75398660612705848,0.36909090909090908
R02,ramp,NO_RWG,2.0169976656070538,1.478130790272937,0.53886687533411637,0.52996819538254403,0.41426073746789527,0.29343847514648674,0.12292568830363244,0.061712364262323537,0.041779455011590895,0.019932909250732635,0.77145339861013573,0.64318181818181819
R02,ramp,NO_SCREEN,2.0056501413451269,1.453146163639724,0.55250397770540249,0.5219192182447755,0.4072425839192399,0.32222057723917796,0.11071794963650609,0.065275957468529211,0.04747206660687852,0.017803890861650674,0.77372495301809097,0.72818181818181826
R02,ramp,OUTCOME_ORACLE,1.9442224274162956,1.5120524262866553,0.4321700011296401,0.52397762811353121,0.42378928690995127,0.29852568256373119,0.074156055984136632,0.055701573857894968,0.042549689893041018,0.013151883964853945,0.67244622143074062,0.68863636363636371
R02,ramp,STATE_ORACLE,1.9932671326125635,1.4345686519788861,0.55869848063367766,0.5165204962949943,0.40202418176731919,0.344033030229833,0.089020670828524828,0.064923483393001621,0.050095645167184275,0.01482783822581733,0.77832348347538383,0.77954545454545454
R02,ramp,WIDTH_ONLY,1.9732336186888755,1.3931233281914879,0.58011029049738805,0.50210519225478634,0.39038223688321871,0.4190270434763444,0.054577858296368117,0.0712135968406859,0.061417591490940879,0.0097960053497449968,0.79072361298351601,0.84136363636363642
R02,ramp,WIDTH_SAME_SCREEN,2.0555016668056116,1.5455739868581522,0.50992767994745936,0.55412457275414817,0.43320545560980983,0.28192481815004383,0.098495707156902229,0.056081113212673707,0.039184189434497967,0.016896923778175719,0.76917836653276328,0.56409090909090909
R05P6179775281,ordinary,CLARA,2.361845240861407,1.4660119717040825,0.89583326915732475,0.67394484668201216,0.41117233963300714,0.064063194895159686,0.53888842065452214,0.096096578791868628,0.00715779655667949,0.088938782235189126,0.61768029578532324,0.0045454545454545452
R05P6179775281,ordinary,FEASIBLE_STATE_ORACLE,2.3293199151300046,1.4644251756472426,0.86489473948276152,0.67640473287257952,0.41072661040355773,0.063788787048421364,0.53802510415976645,0.096159189995670594,0.0067908640221208084,0.089368325973549767,0.61349321059858419,0.0077272727272727267
R05P6179775281,ordinary,FIX_REFERENCE_PRICE,2.361845240861407,1.4660119717040825,0.89583326915732475,0.67394484668201216,0.41117233963300714,0.064063194895159686,0.53888842065452214,0.096096578791868628,0.00715779655667949,0.088938782235189126,0.61768029578532324,0.0045454545454545452
R05P6179775281,ordinary,GLOBAL_SCORE_SAME_SCREEN,2.3904032841817928,1.4652065823656375,0.92519670181615565,0.65069390812051719,0.41094610667276965,0.04744076754624036,0.42469638759882622,0.066582165998585602,0.0064530457082900049,0.060129120290295601,0.60643578771380191,0.0036363636363636364
R05P6179775281,ordinary,NO_BACKOFF_EXACT,2.3665353861063645,1.4707217615712764,0.8958136245350875,0.67423235849658458,0.41249531431480324,0.061164105988309445,0.53692966846921097,0.094776590964144522,0.0068965728112570027,0.087880018152887512,0.61748395891177155,0.0049999999999999992
R05P6179775281,ordinary,NO_G,2.3499242055251122,1.4459317856399558,0.90399241988515655,0.67072198879500755,0.40553183792960079,0.079163737082268884,0.52849754041963126,0.097213406132670363,0.0090444796379833704,0.088168926494686981,0.61860483302949554,0.02227272727272727
R05P6179775281,ordinary,NO_RWG,2.340765406943055,1.4563591172790686,0.88440628966398638,0.67508540099295478,0.40846086367092449,0.1112581564877414,0.5115084211082499,0.099656329832204946,0.013163725884379423,0.086492603947825514,0.62057823613703511,0.023181818181818182
R05P6179775281,ordinary,NO_SCREEN,2.3519604074296816,1.4393844785567955,0.91257592887288597,0.66809019798685565,0.40369270672646584,0.1044960262607461,0.51405169812156415,0.097834504759277574,0.012423650884045024,0.085410853875232534,0.62113142318541747,0.028636363636363637
R05P6179775281,ordinary,OUTCOME_ORACLE,2.0792339331514178,1.3961749794914824,0.68305895365993519,0.69345143650513008,0.39155520698901825,0.013473761668668847,0.63679293860830344,0.098864101117973641,0.0015259257067137767,0.097338175411259872,0.52477845099702292,0
R05P6179775281,ordinary,STATE_ORACLE,2.3106141835324676,1.4314679183939518,0.87914626513851601,0.66970022431628151,0.40146895387173431,0.11451331816464068,0.50203076358060605,0.097407187341417317,0.012948734947242488,0.084458452394174807,0.61608810653288315,0.03727272727272727
R05P6179775281,ordinary,WIDTH_ONLY,2.4266254700307077,1.2311359378497451,1.1954895321809627,0.57349289430957762,0.34519592562897955,0.34595360656359675,0.081549390726374058,0.063094194559073197,0.04943500934576045,0.013659185213312736,0.62892175095825109,0.34363636363636363
R05P6179775281,ordinary,WIDTH_SAME_SCREEN,2.4247544839492194,1.2916268346229565,1.1331276493262625,0.59280513380194733,0.36218775056527502,0.17867090453893655,0.1583731951421232,0.050206435072492984,0.02487098299051111,0.025335452081981857,0.61980438210915245,0.12863636363636363
R05P6179775281,overall,CLARA,2.5655471010626192,1.6136891706996441,0.95185793036297495,0.66345057980367739,0.45246108657253636,0.074425693928616365,0.51658793435110373,0.092865158658659436,0.0085312374222248025,0.084333921236434614,0.67220294991523288,0.016818181818181819
R05P6179775281,overall,FEASIBLE_STATE_ORACLE,2.5384123982762676,1.6090455194861222,0.92936687879014579,0.66431447310300751,0.45115669016424376,0.073658262667717425,0.51611563054709575,0.092764237242974334,0.0080082253739676701,0.084756011869006651,0.66853900691437629,0.015909090909090907
R05P6179775281,overall,FIX_REFERENCE_PRICE,2.5655471010626192,1.6136891706996441,0.95185793036297495,0.66345057980367739,0.45246108657253636,0.074425693928616365,0.51658793435110373,0.092865158658659436,0.0085312374222248025,0.084333921236434614,0.67220294991523288,0.016818181818181819
R05P6179775281,overall,GLOBAL_SCORE_SAME_SCREEN,2.6032028543504171,1.5832199870294388,1.0199828673209783,0.63423978257727165,0.44390232711461375,0.059311937237350766,0.38936837425501764,0.063302349004229846,0.0082982388029240184,0.055004110201305814,0.6575906914115206,0.0031818181818181815
R05P6179775281,overall,NO_BACKOFF_EXACT,2.5703241960386696,1.6146819347789865,0.95564226125968266,0.6627121751382743,0.45273995288695834,0.071212539470889055,0.51407903694367962,0.091533373464512541,0.0082395298260900893,0.083293843638422418,0.6720415946354833,0.013636363636363636
R05P6179775281,overall,NO_G,2.5535130608955692,1.5981574148367987,0.95535564605877055,0.66061518286703724,0.44809823380207436,0.091258893079802519,0.50663071739465848,0.094249602622228326,0.01062907189780384,0.083620530724424463,0.67189387052517013,0.03318181818181818
R05P6179775281,overall,NO_RWG,2.5406275037978703,1.5715533174805889,0.96907418631728104,0.65425428101305705,0.44062517274695956,0.12614928339726306,0.48892042074239417,0.097082693013064519,0.015317596153671769,0.081765096859392747,0.67751992020126051,0.090909090909090912
R05P6179775281,overall,NO_SCREEN,2.5512420877433337,1.5757976858893066,0.9754444018540267,0.65420910801911514,0.44181741106401484,0.11874175181674389,0.49241319076710094,0.095427096957410001,0.014542385448742933,0.080884711508667023,0.67917410491533059,0.10727272727272727
R05P6179775281,overall,OUTCOME_ORACLE,2.2464183430316145,1.5164696785745928,0.729948664457021,0.6784624895168786,0.42515224046999445,0.015678591672212007,0.61863773728075155,0.094884496870631996,0.0017873007739671871,0.093097196096664794,0.56698161272534076,0
R05P6179775281,overall,STATE_ORACLE,2.5133307292226599,1.5596976507449689,0.9536330784776913,0.65283363713148002,0.43729492928189773,0.12854669755070006,0.48106951947503285,0.094789152474225841,0.014872058477105867,0.079917093997119951,0.67449241320334186,0.12818181818181817
R05P6179775281,overall,WIDTH_ONLY,2.6758722050291621,1.3018139195388962,1.3740582854902654,0.54435937235765341,0.36485567894311338,0.38195324857482887,0.06767253764141723,0.067105564788730976,0.055422383388502791,0.011683181400228181,0.6909001873004943,0.66454545454545455
R05P6179775281,overall,WIDTH_SAME_SCREEN,2.6510675264412358,1.4167536120751951,1.2343139143660407,0.58153430861172573,0.3971421094308375,0.2063720248645069,0.13731369438044355,0.051157982529529508,0.028687699566583486,0.022470282962946012,0.6758259266320612,0.21590909090909091
R05P6179775281,ramp,CLARA,2.8651116782406865,1.8034090417395674,1.0617026365011173,0.64455424922510107,0.50563103282369037,0.084383742214284296,0.49498709806130259,0.089813765154365344,0.0098923515848495184,0.07992141356951582,0.75609128503768597,0.1040909090909091
R05P6179775281,ramp,FEASIBLE_STATE_ORACLE,2.8397851862082382,1.7988286765779953,1.0409565096302411,0.64566841597446567,0.50434441339628255,0.083067798500251963,0.49504607882832374,0.089533178792257889,0.0091616153919580508,0.080371563400299814,0.752074314192412,0.099545454545454548
R05P6179775281,ramp,FIX_REFERENCE_PRICE,2.8651116782406865,1.8034090417395674,1.0617026365011173,0.64455424922510107,0.50563103282369037,0.084383742214284296,0.49498709806130259,0.089813765154365344,0.0098923515848495184,0.07992141356951582,0.75609128503768597,0.1040909090909091
R05P6179775281,ramp,GLOBAL_SCORE_SAME_SCREEN,2.9100372950731392,1.7408811824469865,1.1691561126261518,0.61009035843436332,0.48806702740442603,0.070117082057340324,0.35268293797069739,0.060230047025502241,0.010124599644508337,0.050105447380993894,0.73698511213614515,0.10000000000000001
R05P6179775281,ramp,NO_BACKOFF_EXACT,2.8695480043897299,1.7987002881982537,1.0708477161914742,0.64207192599123608,0.50430834924466972,0.080802121935450708,0.49204226173564641,0.08847588338296182,0.009586820590692496,0.078889062792269302,0.75628210450791034,0.11136363636363637
R05P6179775281,ramp,NO_G,2.853777024445606,1.7933845459226938,1.0603924785229113,0.64286261021012137,0.50281516321220898,0.10275121687372527,0.48585802611349099,0.091403060587128548,0.01212060689996956,0.079282453687158985,0.75505963955904365,0.11909090909090909
R05P6179775281,ramp,NO_RWG,2.8305517960502611,1.7103715199028489,1.1201802761474116,0.61886561928653827,0.47949689747629759,0.14153701120955453,0.46757633600651782,0.094871960724443413,0.017642699491019646,0.077229261233423774,0.7705493427203739,0.28136363636363637
R05P6179775281,ramp,NO_SCREEN,2.8432423545326841,1.7454516794771457,1.0977906750555366,0.63002611359122906,0.48935087488480794,0.132856827067732,0.47191267683861254,0.09326824924888874,0.016692569541982512,0.076575679706906222,0.7708229655265586,0.25227272727272726
R05P6179775281,ramp,OUTCOME_ORACLE,2.4946218577702295,1.6665083067974593,0.82811355097276973,0.65245120312648885,0.46717577019950296,0.018338533599401345,0.59827293145851412,0.091060681312113673,0.0021239120725224207,0.088936769239591235,0.63152740866397006,0.063181818181818186
R05P6179775281,ramp,STATE_ORACLE,2.8009915427653427,1.7204369591865132,1.0805545835788284,0.62685542619269619,0.48232426806159667,0.14252998841375036,0.46150499606471318,0.092406535981234009,0.016756071739245128,0.075650464241988874,0.76598471952169456,0.28363636363636363
R05P6179775281,ramp,WIDTH_ONLY,3.022646616105499,1.3931233281914879,1.6295232879140111,0.50210519225478634,0.39038223688321871,0.4190270434763444,0.054577858296368117,0.0712135968406859,0.061417591490940879,0.0097960053497449968,0.79072361298351601,0.84136363636363642
R05P6179775281,ramp,WIDTH_SAME_SCREEN,2.9713418946299885,1.5895838650203351,1.3817580296096525,0.56735820970865924,0.44556778093626564,0.23230517005958728,0.11772473081310915,0.052072703442272307,0.032303469243351347,0.019769234198920939,0.76162063267275371,0.42272727272727273
R10,ordinary,CLARA,3.0467349800167591,1.5041085996380317,1.5426263803787275,0.68594547664326355,0.42187363961445368,0.047478045049564724,0.60569461489617293,0.10602986515415583,0.0046305542993526705,0.10139931085480314,0.62026958389029685,0.0036363636363636364
R10,ordinary,FEASIBLE_STATE_ORACLE,2.9883935653798184,1.517641533231479,1.4707520321483394,0.69315707777506286,0.42567502545530961,0.043418940441966244,0.62635866236059312,0.10981342080195453,0.0037947283282600873,0.10601869247369444,0.61569445086380592,0.0013636363636363635
R10,ordinary,FIX_REFERENCE_PRICE,3.0605951908041207,1.4660119717040825,1.5945832191000382,0.67394484668201216,0.41117233963300714,0.064063194895159686,0.53888842065452214,0.096096578791868628,0.00715779655667949,0.088938782235189126,0.61768029578532324,0.0045454545454545452
R10,ordinary,GLOBAL_SCORE_SAME_SCREEN,3.0761768130643423,1.6303096084697308,1.4458672045946113,0.70565965914213924,0.45732336119639205,0.011902548225100064,0.69769255609455327,0.11795217642138674,0.0010191356150135676,0.11693304080637316,0.6294937833507207,0.00045454545454545455
R10,ordinary,NO_BACKOFF_EXACT,3.0530329741719369,1.5078846901059957,1.545148284065941,0.68570517158457989,0.42293433918410644,0.045029571023068989,0.60140704487245578,0.10421863907742182,0.0044433468809363299,0.099775292196485482,0.61990122554774607,0.0031818181818181815
R10,ordinary,NO_G,3.0350930276892809,1.4969587656727532,1.5381342620165277,0.68643002182998059,0.4198652592871282,0.05491475334109408,0.61051913875006991,0.10879387783469632,0.0053649977366154568,0.10342888009808085,0.62123938098407128,0.012272727272727272
R10,ordinary,NO_RWG,3.0167556816102232,1.5142580593847585,1.5024976222254649,0.69160215449088847,0.42472461145342183,0.078697389701492648,0.60233491157634023,0.11181932618061177,0.0079884334333379207,0.10383089274727382,0.62465600409194111,0.012727272727272726
R10,ordinary,NO_SCREEN,3.0444741336205778,1.4866000642897128,1.557874069330865,0.68284374707118278,0.41695551170762241,0.068024113321681207,0.59367415485255415,0.10666649269605603,0.0068120847012697466,0.099854407994786287,0.62287921733411911,0.014999999999999999
R10,ordinary,OUTCOME_ORACLE,2.6090830132852179,1.4037402262551208,1.205342787030097,0.71975806180044388,0.39368027630464703,0.0066373389232341996,0.73676233295697258,0.12580595107830389,0.00064528327558759579,0.12516066780271629,0.52518202244466283,0
R10,ordinary,STATE_ORACLE,2.9712569409753122,1.49728391548017,1.4739730254951422,0.69091282997698666,0.41995659350269465,0.069062106690085917,0.6094738123739204,0.1102393622823433,0.0061498710001632569,0.10408949128218001,0.61580721408347039,0.010909090909090908
R10,ordinary,WIDTH_ONLY,3.3591073051318587,1.2311359378497451,2.1279713672821137,0.57349289430957762,0.34519592562897955,0.34595360656359675,0.081549390726374058,0.063094194559073197,0.04943500934576045,0.013659185213312736,0.62892175095825109,0.34363636363636363
R10,ordinary,WIDTH_SAME_SCREEN,3.3001191533693892,1.3023822749014757,1.9977368784679133,0.59593387913911722,0.36520894165474671,0.15857027066373852,0.16837824712534238,0.049010306563562075,0.022179949011495292,0.02683035755206677,0.61853865499023508,0.10318181818181818
R10,overall,CLARA,3.2893618361991548,1.663668114135066,1.6256937220640899,0.67892883284458194,0.46650011562743005,0.055050495447580852,0.58611497852554462,0.10249701147470527,0.0055171804669092153,0.09697983100779603,0.67481363458857468,0.006363636363636363
R10,overall,FEASIBLE_STATE_ORACLE,3.243816715083689,1.6717862038954681,1.5720305111882218,0.68461407809845409,0.46878047791967781,0.049214530830060957,0.60860027710885412,0.1060637572902777,0.0043967123260279847,0.10166704496424972,0.67006855351889461,0.0022727272727272726
R10,overall,FIX_REFERENCE_PRICE,3.3079962867457384,1.6136891706996441,1.6943071160460956,0.66345057980367739,0.45246108657253636,0.074425693928616365,0.51658793435110373,0.092865158658659436,0.0085312374222248025,0.084333921236434614,0.67220294991523288,0.016818181818181819
R10,overall,GLOBAL_SCORE_SAME_SCREEN,3.3185518242858678,1.7752096410303029,1.5433421832555674,0.69887375340315749,0.49783200520474208,0.014008694746387209,0.68396888514078991,0.11420676159031906,0.0012165769551561157,0.11299018463516293,0.68073340310591379,0
R10,overall,NO_BACKOFF_EXACT,3.2979581428157578,1.6626682317935333,1.6352899110222261,0.67756313205667085,0.4662192498011567,0.052500565230582177,0.58150869065486011,0.10071567996447342,0.0053120836724950948,0.09540359629197831,0.67422307280463878,0.0036363636363636364
R10,overall,NO_G,3.278457131074572,1.6625289506986376,1.6159281803759349,0.68021455390081198,0.46618012589809632,0.063082800828587943,0.59202778554231938,0.10545524151553572,0.0063250471702480842,0.099130194345287609,0.67558534644399393,0.016363636363636365
R10,overall,NO_RWG,3.2658800704733197,1.6466600659876509,1.6192200044856697,0.67761515361888469,0.46172257401298794,0.088849494657171096,0.58423120601987988,0.10879283745179183,0.0093393607680929136,0.099453476683698902,0.68072941482484861,0.047727272727272729
R10,overall,NO_SCREEN,3.2852058158244986,1.6434799645648013,1.6417258512596979,0.67500274593091047,0.46082928709645704,0.077549528403922707,0.57438096014099804,0.10344912509704499,0.0080021610818705926,0.095446964015174357,0.67959532856967719,0.043181818181818182
R10,overall,OUTCOME_ORACLE,2.811908809235514,1.5264039147423847,1.2855048944931287,0.70739800362098471,0.42794275624746403,0.0077760645196956885,0.72552161664035597,0.1218366324978984,0.00074870437717427325,0.12108792812072411,0.56751092190078878,0
R10,overall,STATE_ORACLE,3.2249764976890822,1.6435150859313203,1.5814614117577626,0.68008687676133683,0.46083915264885017,0.077113398957426568,0.59169362773674794,0.10671142306535737,0.0070272935093680048,0.099684129555989348,0.67169921155925405,0.034999999999999996
R10,overall,WIDTH_ONLY,3.7476376677115688,1.3018139195388962,2.445823748172673,0.54435937235765341,0.36485567894311338,0.38195324857482887,0.06767253764141723,0.067105564788730976,0.055422383388502791,0.011683181400228181,0.6909001873004943,0.66454545454545455
R10,overall,WIDTH_SAME_SCREEN,3.5991622960338576,1.4314720201195374,2.1676902759143202,0.58586346542129575,0.40127649371295615,0.18446350183051893,0.14623664370802122,0.049488002020695532,0.02565926321874672,0.023828738801948787,0.6736424235407511,0.16363636363636364
R10,ramp,CLARA,3.6708552978162863,1.8626181798773711,1.8082371179389127,0.6622168230211648,0.52226281319947787,0.062014212359630991,0.56673295468288942,0.098981936240950849,0.0063230023832352971,0.092658933857715536,0.75742609090361479,0.066363636363636361
R10,ramp,FEASIBLE_STATE_ORACLE,3.6306522009062805,1.8670750841794661,1.7635771167268122,0.66686953931276927,0.52351475261017877,0.054993859430656336,0.5907387844803923,0.10233635723303262,0.0049786640677836344,0.097357693165248976,0.75129189633937132,0.05272727272727272
R10,ramp,FIX_REFERENCE_PRICE,3.6932397347115584,1.8034090417395674,1.8898306929719886,0.64455424922510107,0.50563103282369037,0.084383742214284296,0.49498709806130259,0.089813765154365344,0.0098923515848495184,0.07992141356951582,0.75609128503768597,0.1040909090909091
R10,ramp,GLOBAL_SCORE_SAME_SCREEN,3.691412236461892,1.9558072177340353,1.7356050187278513,0.68165795605990553,0.54843950922663021,0.015304175809649994,0.66853606577062885,0.11024500908384738,0.0013482489538789268,0.10889676012996845,0.75739129774562286,0.012272727272727272
R10,ramp,NO_BACKOFF_EXACT,3.6820335726776072,1.8555708506678639,1.8264627220097409,0.65937048861413372,0.52028322634287472,0.059276693050391606,0.56184161855273151,0.097187913059512424,0.0060915689970848681,0.091096344062427545,0.75684102423605926,0.071818181818181809
R10,ramp,NO_G,3.6604949363541253,1.8674005213271248,1.7930944150269981,0.66436331868695508,0.52360616753929645,0.070772870157663079,0.57368265505065563,0.10209457910021469,0.0072104354876097714,0.094884143612604901,0.75824321383834559,0.066818181818181804
R10,ramp,NO_RWG,3.6487747824221644,1.8066509467032312,1.8421238357189313,0.65101726783176461,0.50654168028539392,0.098996732278045424,0.56570635256569579,0.10578137493206327,0.010709735379016764,0.095071639553046497,0.77149701703224438,0.16772727272727272
R10,ramp,NO_SCREEN,3.6648735757755597,1.8355945969403646,1.8292789788351929,0.65677257864811378,0.51467191911604915,0.086422660848673644,0.55538593006394543,0.10027504687466895,0.0091299672587368107,0.091145079615932115,0.76755547337997432,0.12636363636363637
R10,ramp,OUTCOME_ORACLE,3.135734055511977,1.6788494057946948,1.4568846497172812,0.68432035901507682,0.47064237104142315,0.0089228873348847597,0.71180311537324692,0.11793216694478012,0.00087023740858701627,0.1170619295361931,0.63196815611939816,0.021363636363636362
R10,ramp,STATE_ORACLE,3.6043551295457363,1.8232138377054383,1.7811412918402965,0.6593817263644961,0.51119417775792386,0.085164164538467063,0.57415894762737119,0.10323538933452295,0.0078625848367523867,0.095372804497770539,0.75728753177726782,0.13272727272727272
R10,ramp,WIDTH_ONLY,4.2936747806784279,1.3931233281914879,2.9005514524869396,0.50210519225478634,0.39038223688321871,0.4190270434763444,0.054577858296368117,0.0712135968406859,0.061417591490940879,0.0097960053497449968,0.79072361298351601,0.84136363636363642
R10,ramp,WIDTH_SAME_SCREEN,4.029895060832958,1.6078725858756993,2.4220224749572576,0.57268848073966827,0.45070506207541294,0.20880048644818922,0.12575171963601989,0.050010335595052226,0.028989061017482505,0.02102127457756971,0.75778690259480641,0.35681818181818181
R20,ordinary,CLARA,4.5548591953756414,1.5413152211288346,3.0135439742468058,0.69373721006431877,0.4323249377860276,0.032495536354955327,0.65047969358406221,0.1112614156700448,0.0028025526859199218,0.10845886298412485,0.62285920311464982,0.0013636363636363635
R20,ordinary,FEASIBLE_STATE_ORACLE,4.4449755323644364,1.5594123982494581,2.8855631341149777,0.70137808945626257,0.43740841450530388,0.027522149434436864,0.67565161114084815,0.11557817586215605,0.002101269644314323,0.11347690621784172,0.61759793676538011,0.00045454545454545455
R20,ordinary,FIX_REFERENCE_PRICE,4.6551784099041589,1.4660119717040825,3.1891664382000764,0.67394484668201216,0.41117233963300714,0.064063194895159686,0.53888842065452214,0.096096578791868628,0.00715779655667949,0.088938782235189126,0.61768029578532324,0.0045454545454545452
R20,ordinary,GLOBAL_SCORE_SAME_SCREEN,4.5216552590531887,1.6295291401546597,2.8921261188985272,0.70558747383044884,0.45710412852361931,0.011997367693059495,0.69731904244474319,0.1179124059284502,0.001038622866602884,0.1168737830618473,0.62922924103868216,0.00045454545454545455
R20,ordinary,NO_BACKOFF_EXACT,4.5711448712892651,1.5409283765130026,3.0302164947762611,0.69249849803102226,0.43221627356809728,0.031191423412097612,0.64375156890662288,0.1091508568800936,0.0027764613831984695,0.10637439549689512,0.62227423323858988,0.0013636363636363635
R20,ordinary,NO_G,4.5363482636835712,1.5431377049599155,2.9932105587236544,0.69549168878541212,0.43283687144644362,0.035844990985919131,0.65802448635846156,0.11374033793089651,0.003076085632588418,0.11066425229830809,0.62393559618585537,0.006363636363636363
R20,ordinary,NO_RWG,4.4980895700344927,1.5640717163884164,2.934017853646075,0.70027548089466363,0.43871721173534828,0.047869839752883003,0.66368274287217477,0.11672006268038319,0.0041328989029331149,0.11258716377745008,0.6272562092731474,0.0054545454545454541
R20,ordinary,NO_SCREEN,4.5636333208521744,1.5292192617993641,3.0344140590528093,0.69164243034849071,0.42892719640134491,0.042858835624340584,0.64308767102003783,0.11117512346200717,0.00378250916909416,0.107392614292913,0.62439187957259512,0.005909090909090909
R20,ordinary,OUTCOME_ORACLE,3.811928489146458,1.4087402517906771,2.4031882373557805,0.73705551533300062,0.39508477785957857,0.0047105862341738644,0.78371715089986349,0.14415016433596434,0.0003990628936486342,0.14375110144231568,0.52596572438568157,0
R20,ordinary,STATE_ORACLE,4.4206010609278197,1.5482497743775041,2.8723512865503151,0.70100784624894141,0.43427284600194593,0.037759568169676259,0.67142645965896119,0.11592707288633761,0.0027908277842852596,0.11313624510205236,0.61463391502683584,0.00090909090909090909
R20,ordinary,WIDTH_ONLY,5.487078672413972,1.2311359378497451,4.2559427345642273,0.57349289430957762,0.34519592562897955,0.34595360656359675,0.081549390726374058,0.063094194559073197,0.04943500934576045,0.013659185213312736,0.62892175095825109,0.34363636363636363
R20,ordinary,WIDTH_SAME_SCREEN,5.2551672358406165,1.3189321772389155,3.9362350586017003,0.60075856547111184,0.36985779062593771,0.12924105928202761,0.18645871932628694,0.047943211764152428,0.018302950673823745,0.029640261090328669,0.61720128061477619,0.072727272727272724
R20,overall,CLARA,4.8806939237628182,1.7028723871931064,3.1778215365697142,0.68819636595797395,0.47751255187968822,0.037172840653851527,0.63274072777084067,0.10746078791470932,0.0032886240256166733,0.10417216388909264,0.67656196993212814,0.0018181818181818182
R20,overall,FEASIBLE_STATE_ORACLE,4.7997547255105442,1.7159119929346793,3.0838427325758673,0.69411532565613465,0.4811753624812537,0.031053814426745853,0.66007494029048286,0.11172353817211005,0.0024229030858199494,0.10930063508629009,0.67125892499713857,0
R20,overall,FIX_REFERENCE_PRICE,5.0023034027918332,1.6136891706996441,3.3886142320921913,0.66345057980367739,0.45246108657253636,0.074425693928616365,0.51658793435110373,0.092865158658659436,0.0085312374222248025,0.084333921236434614,0.67220294991523288,0.016818181818181819
R20,overall,GLOBAL_SCORE_SAME_SCREEN,4.8614621021678399,1.7745029195194859,3.0869591826483598,0.698785015222256,0.49763348792642265,0.014180511042560923,0.68351062072321978,0.11416380238761539,0.0012432565185045885,0.11292054586911079,0.6805010669519248,0
R20,overall,NO_BACKOFF_EXACT,4.9022622882972993,1.6990058201670113,3.2032564681302902,0.68621785819431214,0.47642643754651548,0.035784196499176878,0.62572686510932884,0.10542289706713123,0.0032604926380405573,0.10216240442909068,0.67582826269497454,0.00045454545454545455
R20,overall,NO_G,4.8633920142292322,1.7074511528748235,3.1559408613544107,0.69014716289916045,0.47879872201500218,0.040932662143357487,0.64120686278973205,0.11007761750739462,0.0035995195976040633,0.10647809790979057,0.67767966322669937,0.0031818181818181815
R20,overall,NO_RWG,4.8442892561971176,1.7065734724638819,3.137715783733237,0.69083999526963003,0.47855218257372661,0.054362095879211592,0.64795558533121966,0.11326091741372583,0.0048488356040069479,0.10841208180971888,0.68207926884572723,0.013636363636363636
R20,overall,NO_SCREEN,4.8860866021223623,1.6911141305998161,3.1949724715225476,0.68598942110887351,0.47420967081415749,0.048765995293169703,0.62517096664993754,0.10751941543871688,0.0044369716588768243,0.10308244377984004,0.67886932522308219,0.0090909090909090905
R20,overall,OUTCOME_ORACLE,4.0941851828550897,1.5328757196704836,2.5613094631846058,0.72635237396208063,0.42976067898007619,0.0054337274251138861,0.77621386933856118,0.14026779126439096,0.00045937673802828768,0.13980841452636264,0.56852593405635765,0
R20,overall,STATE_ORACLE,4.7776048816595074,1.7015620415952157,3.0760428400642934,0.69296478821425,0.47714447727353948,0.042187256731870376,0.65568373053259232,0.11209243421490837,0.0031945377760017662,0.10889789643890661,0.66973775779574019,0.0013636363636363635
R20,overall,WIDTH_ONLY,6.1934614158842418,1.3018139195388962,4.891647496345346,0.54435937235765341,0.36485567894311338,0.38195324857482887,0.06767253764141723,0.067105564788730976,0.055422383388502791,0.011683181400228181,0.6909001873004943,0.66454545454545455
R20,overall,WIDTH_SAME_SCREEN,5.6994696925668249,1.4548280661350304,4.244641626431795,0.59281727478371049,0.40783718079595965,0.15115396723448102,0.16273728812305363,0.047601700340541363,0.021199960999415859,0.026401739341125476,0.67127290547121576,0.089090909090909082
R20,ramp,CLARA,5.4450529338495581,1.9018768992248412,3.5431760346247136,0.67189585206106039,0.53329054335326165,0.041850907715859392,0.61491998751855059,0.10366487161661853,0.0037514026388943953,0.099913468977724115,0.75717747297834548,0.037727272727272727
R20,ramp,FEASIBLE_STATE_ORACLE,5.3778373526947822,1.911957399425448,3.4658799532693321,0.67687074522266133,0.53612214453320739,0.034556157694986676,0.64371512160466371,0.10779693095676143,0.0027159201891561349,0.1050810107676053,0.75082667742545661,0.027727272727272729
R20,ramp,FIX_REFERENCE_PRICE,5.5830704276835466,1.8034090417395674,3.7796613859439772,0.64455424922510107,0.50563103282369037,0.084383742214284296,0.49498709806130259,0.089813765154365344,0.0098923515848495184,0.07992141356951582,0.75609128503768597,0.1040909090909091
R20,ramp,GLOBAL_SCORE_SAME_SCREEN,5.4264914722850932,1.9548856402365495,3.4716058320485401,0.68152714074234511,0.54818063914306681,0.015519809617333661,0.66803719297008857,0.11020162218483784,0.0013791685077673447,0.10882245367707048,0.75724463546115772,0.012727272727272726
R20,ramp,NO_BACKOFF_EXACT,5.474520349070767,1.8929977619971752,3.5815225870735885,0.66885994619760281,0.53079640368256886,0.04013532180651927,0.60761573989991335,0.10166150612760021,0.0037014604510272066,0.097960045676572988,0.75645044365529013,0.042272727272727274
R20,ramp,NO_G,5.4261815605705568,1.9105901953180673,3.5155913652524875,0.67437286450060652,0.53573809843562858,0.045893355128536012,0.62409529167525102,0.10637317823294785,0.0040838495728142783,0.10228932866013356,0.75843980339981887,0.03318181818181818
R20,ramp,NO_RWG,5.4186719512802091,1.881416873237781,3.5372550780424268,0.6702660316533875,0.52754334504228972,0.060371906560324616,0.63144543103891293,0.1097064284408826,0.0055199977089082902,0.10418643073197431,0.76855291832992412,0.08545454545454545
R20,ramp,NO_SCREEN,5.4494029797367833,1.8885836333644488,3.560819346372333,0.66932728776015527,0.5295564799093313,0.054317869195230961,0.60720649360299905,0.10386337060234563,0.0050462210376083089,0.098817149564737305,0.76228642788042866,0.052727272727272734
R20,ramp,OUTCOME_ORACLE,4.5886385826458458,1.6868157858722985,2.9018227967735464,0.70501213558779541,0.47288011825423315,0.0060881027418160372,0.76688592090522056,0.13644887919095744,0.00051975626693766264,0.13592912292401976,0.63315144819212221,0.0077272727272727267
R20,ramp,STATE_ORACLE,5.3514190185377917,1.8904916382917172,3.4609273802460718,0.67487214348762525,0.53009243634957526,0.046548279796301911,0.639455499295154,0.10821376040644101,0.0035551887129867859,0.10465857169345423,0.75115345953928525,0.051818181818181819
R20,ramp,WIDTH_ONLY,7.1942262331653684,1.3931233281914879,5.8011029049738791,0.50210519225478634,0.39038223688321871,0.4190270434763444,0.054577858296368117,0.0712135968406859,0.061417591490940879,0.0097960053497449968,0.79072361298351601,0.84136363636363642
R20,ramp,WIDTH_SAME_SCREEN,6.3660109418259969,1.6370253746315691,4.7289855671944272,0.58127571157914137,0.45889404768099429,0.17239651846718623,0.14091082149508558,0.047511614727585541,0.024097249951558795,0.023414364776026732,0.75398440843736636,0.26818181818181819
