zone_or_farm,price_id,method,ERRF,capacity,exceedance,coverage,width,TUWR,TOWR,ARD,under_gap,over_gap
Farm A,R01,ACI,0.47299084731881974,0.43416961848230534,0.038821228836514426,0.7199785310495513,0.47138041756300386,0.02931484081240594,0.8035201683398706,0.13754888265096674,,
Farm A,R01,AgACI,0.49419782082494296,0.4568287454894841,0.037369075335458905,0.7321771514450198,0.4968401108294968,0.07289861955030706,0.797450953400956,0.15750929615173315,,
Farm A,R01,CART,0.40835018864335343,0.3567574319995223,0.05159275664383111,0.6190959388709125,0.3844004327508881,0.2625717519587631,0.48780358847545613,0.0847846572278268,,
Farm A,R01,CLARA_online,0.40956419070759115,0.3624936966565485,0.047070494051042334,0.6441399887687286,0.39084567393855457,0.1386913134965109,0.6019039909809605,0.07850114326975687,0.010276808762722371,0.0682243345070345
Farm A,R01,EEE,0.42781100839041014,0.3841660812171365,0.043644927173273666,0.6430850389542309,0.41519666782685577,0.18869044070968252,0.5960602803068846,0.0937745276215924,0.019143047115821446,0.07463148050577095
Farm A,R01,EnbPI-RH,0.38374792351047965,0.32696794996533207,0.056779973545147584,0.6051555245509019,0.3509291046225845,0.2897778179087549,0.42143877091410503,0.07166858632326423,,
Farm A,R01,LinUCB,0.38340523063422494,0.3264758768649303,0.056929353769294665,0.6040055853477798,0.35037621349853754,0.28787720094703656,0.4261943186429731,0.07770050033498833,,
Farm A,R01,Static,0.37787848898102877,0.3186980109314127,0.059180478049616084,0.5964856857997352,0.341637038292338,0.3292677214807976,0.4042309503834691,0.07988251651133711,,
Farm A,R01,TSC,0.38393533250455064,0.3266451128562432,0.057290219648307446,0.6019017632869255,0.35056636629776067,0.290864964813616,0.4295534968999784,0.07384499890827674,0.02961501872812362,0.044229980180153096
Farm A,R02,ACI,0.5118120761553342,0.43416961848230534,0.07764245767302885,0.7199785310495513,0.47138041756300386,0.02931484081240594,0.8035201683398706,0.13754888265096674,,
Farm A,R02,AgACI,0.5315668961604019,0.4568287454894841,0.07473815067091781,0.7321771514450198,0.4968401108294968,0.07289861955030706,0.797450953400956,0.15750929615173315,,
Farm A,R02,CART,0.4621485977503653,0.36452525037005173,0.09762334738031354,0.6312902429096294,0.39312831856047176,0.22082079273244118,0.5474633926059517,0.08761781747221817,,
Farm A,R02,CLARA_online,0.46234421519949986,0.3713768704587748,0.09096734474072417,0.6525545253639617,0.40082676809835943,0.11767579968280438,0.6421265150860326,0.08312565265727821,0.008301427519613075,0.07482422513766511
Farm A,R02,EEE,0.4714559355636837,0.3841660812171365,0.08728985434654733,0.6430850389542309,0.41519666782685577,0.18869044070968252,0.5960602803068846,0.0937745276215924,0.019143047115821446,0.07463148050577095
Farm A,R02,EnbPI-RH,0.4405278970556273,0.32696794996533207,0.11355994709029517,0.6051555245509019,0.3509291046225845,0.2897778179087549,0.42143877091410503,0.07166858632326423,,
Farm A,R02,LinUCB,0.4445802048767788,0.3365128534791061,0.10806735139767269,0.6154551729391411,0.3616537153122182,0.2608194369575548,0.4746678324523365,0.08222259887526234,,
Farm A,R02,Static,0.4370589670306449,0.3186980109314127,0.11836095609923217,0.5964856857997352,0.341637038292338,0.3292677214807976,0.4042309503834691,0.07988251651133711,,
Farm A,R02,TSC,0.4412255521528581,0.3266451128562432,0.11458043929661489,0.6019017632869255,0.35056636629776067,0.290864964813616,0.4295534968999784,0.07384499890827674,0.02961501872812362,0.044229980180153096
Farm A,R05P6179775281,ACI,0.6522664096986786,0.43416961848230534,0.2180967912163732,0.7199785310495513,0.47138041756300386,0.02931484081240594,0.8035201683398706,0.13754888265096674,,
Farm A,R05P6179775281,AgACI,0.6667673709695904,0.4568287454894841,0.20993862548010622,0.7321771514450198,0.4968401108294968,0.07289861955030706,0.797450953400956,0.15750929615173315,,
Farm A,R05P6179775281,CART,0.6232327319173796,0.3805785875515937,0.2426541443657859,0.6704773170193545,0.41116577606782223,0.17434189627520988,0.6340283157520527,0.11628240505677058,,
Farm A,R05P6179775281,CLARA_online,0.6212761725873661,0.40602955746878405,0.21524661511857904,0.7163931716405192,0.4397623714803913,0.062172688142924246,0.772201590544531,0.13788492185079473,0.0033169808206937085,0.13456794103010095
Farm A,R05P6179775281,EEE,0.6293623012917074,0.3841660812171365,0.2451962200745711,0.6430850389542309,0.41519666782685577,0.18869044070968252,0.5960602803068846,0.0937745276215924,0.019143047115821446,0.07463148050577095
Farm A,R05P6179775281,EnbPI-RH,0.6459565653875096,0.32696794996533207,0.31898861542217744,0.6051555245509019,0.3509291046225845,0.2897778179087549,0.42143877091410503,0.07166858632326423,,
Farm A,R05P6179775281,LinUCB,0.6298742398261022,0.39088267072016214,0.23899156910594002,0.6805522231985061,0.42274339760553964,0.13009915858699486,0.6843610968740645,0.11798676544015296,,
Farm A,R05P6179775281,Static,0.6511726067157727,0.3186980109314127,0.33247459578436006,0.5964856857997352,0.341637038292338,0.3292677214807976,0.4042309503834691,0.07988251651133711,,
Farm A,R05P6179775281,TSC,0.6341568048963532,0.42021171714772865,0.213945087748622,0.7241762510869121,0.45569738235560686,0.02040775550775797,0.8401712650603751,0.14120541277563206,0.0007617266752629786,0.1404436861003691
Farm A,R10,ACI,0.8223819068474497,0.43416961848230534,0.38821228836514426,0.7199785310495513,0.47138041756300386,0.02931484081240594,0.8035201683398706,0.13754888265096674,,
Farm A,R10,AgACI,0.8305194988440732,0.4568287454894841,0.37369075335458907,0.7321771514450198,0.4968401108294968,0.07289861955030706,0.797450953400956,0.15750929615173315,,
Farm A,R10,CART,0.8075020788852453,0.3822560779903723,0.4252460008948729,0.6786303751110295,0.41305059678555106,0.1676746015330304,0.6478311868349138,0.12274012098668906,,
Farm A,R10,CLARA_online,0.7907981624872128,0.42093048518676357,0.3698676773004467,0.7305709049605713,0.4565049868938511,0.04944375567928654,0.8041722860901335,0.1502204056130556,0.0022459585347454117,0.14797444707831015
Farm A,R10,EEE,0.8206153529498731,0.3841660812171365,0.43644927173273673,0.6430850389542309,0.41519666782685577,0.18869044070968252,0.5960602803068846,0.0937745276215924,0.019143047115821446,0.07463148050577095
Farm A,R10,EnbPI-RH,0.894767685416808,0.32696794996533207,0.5677997354514758,0.6051555245509019,0.3509291046225845,0.2897778179087549,0.42143877091410503,0.07166858632326423,,
Farm A,R10,LinUCB,0.8114400739946531,0.4164470859636081,0.394992988031045,0.7078868946210823,0.4514674596768271,0.09835388417159258,0.7519676378202669,0.13956117964492645,,
Farm A,R10,Static,0.9105027914275735,0.3186980109314127,0.5918047804961609,0.5964856857997352,0.341637038292338,0.3292677214807976,0.4042309503834691,0.07988251651133711,,
Farm A,R10,TSC,0.8010339733402787,0.42021171714772865,0.38082225619254745,0.7241762510869121,0.45569738235560686,0.02040775550775797,0.8401712650603751,0.14120541277563206,0.0007617266752629786,0.1404436861003691
Farm A,R20,ACI,1.210594195212594,0.43416961848230534,0.7764245767302885,0.7199785310495513,0.47138041756300386,0.02931484081240594,0.8035201683398706,0.13754888265096674,,
Farm A,R20,AgACI,1.2042102521986624,0.4568287454894841,0.7473815067091781,0.7321771514450198,0.4968401108294968,0.07289861955030706,0.797450953400956,0.15750929615173315,,
Farm A,R20,CART,1.2366055702200798,0.39333942432580604,0.8432661458942738,0.6794191138515597,0.42550379491525187,0.1445186259738588,0.6538690467601086,0.11804638074925694,,
Farm A,R20,CLARA_online,1.183586626352384,0.4361494373423188,0.7474371890100691,0.7313639555266281,0.4736049331360476,0.052341739979692825,0.8021179914191291,0.15090468481330024,0.002525605800722575,0.14837907901257766
Farm A,R20,EEE,1.2570646246826096,0.3841660812171365,0.8728985434654735,0.6430850389542309,0.41519666782685577,0.18869044070968252,0.5960602803068846,0.0937745276215924,0.019143047115821446,0.07463148050577095
Farm A,R20,EnbPI-RH,1.4625674208682837,0.32696794996533207,1.1355994709029515,0.6051555245509019,0.3509291046225845,0.2897778179087549,0.42143877091410503,0.07166858632326423,,
Farm A,R20,LinUCB,1.1983996389734277,0.4398120385618503,0.7585876004115775,0.7214288326908537,0.4777202154051892,0.08341042889999786,0.7781811698358845,0.14973668173285754,,
Farm A,R20,Static,1.5023075719237347,0.3186980109314127,1.1836095609923218,0.5964856857997352,0.341637038292338,0.3292677214807976,0.4042309503834691,0.07988251651133711,,
Farm A,R20,TSC,1.194036493546802,0.4716003104688911,0.7224361830779144,0.7393254566503121,0.5134373748512935,0.027436149072482076,0.8312049112111453,0.15651148354018496,0.0011122720978260503,0.15539921144235888
Farm B,R01,ACI,0.476548533934503,0.4419097562665781,0.0346387776679249,0.6993231424924128,0.4946486511923012,0.039494404511316715,0.7720399629392269,0.11791971801240794,,
Farm B,R01,AgACI,0.494281699417327,0.45920093050694927,0.03508076891037773,0.7084830335839043,0.5140769368556396,0.11657084266573596,0.7455670215903438,0.14222562789987322,,
Farm B,R01,CART,0.3917336274362658,0.3512900634285234,0.04044356400774236,0.6214957304152257,0.3928287715989814,0.24160650372067705,0.4925254378703931,0.07425332405358771,,
Farm B,R01,CLARA_online,0.36342437496586544,0.3208761041543331,0.04254827081153246,0.6018253040156224,0.3586557836504527,0.2233994715434628,0.3769562579163485,0.0459158205222344,0.014819440320049854,0.031096380202184578
Farm B,R01,EEE,0.4151420603519535,0.3811406744775541,0.03400138587439933,0.6532115105304395,0.42636878401362116,0.14019497172538506,0.6571729177665834,0.08639045847919306,0.011011412565986294,0.07537904591320678
Farm B,R01,EnbPI-RH,0.36322786689172565,0.32060185334702446,0.04262601354470118,0.6004522093245476,0.3583476366759488,0.2400322633086801,0.40202617316780404,0.051569867977085605,,
Farm B,R01,LinUCB,0.33976935601164987,0.2892449835701506,0.05052437244149927,0.560898830256952,0.3231151987244052,0.4639453816502623,0.22224698743362845,0.06500196221941967,,
Farm B,R01,Static,0.3528403191590657,0.30285015778966,0.0499901613694057,0.5714060731610409,0.33840191133059555,0.4232896938570006,0.37267120918869806,0.07918149391246258,,
Farm B,R01,TSC,0.3538329778594854,0.31058515941912995,0.04324781844035533,0.589919583985888,0.3470929243974144,0.2236914192780322,0.23751004136426435,0.032534142425787456,0.014265044927758912,0.01826909749802855
Farm B,R02,ACI,0.5111873116024279,0.4419097562665781,0.0692775553358498,0.6993231424924128,0.4946486511923012,0.039494404511316715,0.7720399629392269,0.11791971801240794,,
Farm B,R02,AgACI,0.5293624683277048,0.45920093050694927,0.07016153782075546,0.7084830335839043,0.5140769368556396,0.11657084266573596,0.7455670215903438,0.14222562789987322,,
Farm B,R02,CART,0.43312454583086174,0.35545377562345454,0.07767077020740722,0.6262286376243771,0.39750709990789274,0.23513300563486636,0.5067958070053693,0.0739420963019895,,
Farm B,R02,CLARA_online,0.41055324035625934,0.3276067038023523,0.08294653655390677,0.6089182057197192,0.36621825516508094,0.18177946706921605,0.426116934547565,0.04691935597355889,0.011734897868129068,0.03518445810542977
Farm B,R02,EEE,0.4491434462263529,0.3811406744775541,0.06800277174879867,0.6532115105304395,0.42636878401362116,0.14019497172538506,0.6571729177665834,0.08639045847919306,0.011011412565986294,0.07537904591320678
Farm B,R02,EnbPI-RH,0.4058538804364268,0.32060185334702446,0.08525202708940235,0.6004522093245476,0.3583476366759488,0.2400322633086801,0.40202617316780404,0.051569867977085605,,
Farm B,R02,LinUCB,0.39265279414723187,0.29571734266866695,0.09693545147856487,0.5664894326630034,0.3303875123182438,0.4068828172727193,0.22745294965733065,0.055355662992043704,,
Farm B,R02,Static,0.4028304805284714,0.30285015778966,0.0999803227388114,0.5714060731610409,0.33840191133059555,0.4232896938570006,0.37267120918869806,0.07918149391246258,,
Farm B,R02,TSC,0.39708079629984083,0.31058515941912995,0.08649563688071066,0.589919583985888,0.3470929243974144,0.2236914192780322,0.23751004136426435,0.032534142425787456,0.014265044927758912,0.01826909749802855
Farm B,R05P6179775281,ACI,0.6365096308054821,0.4419097562665781,0.19459987453890396,0.6993231424924128,0.4946486511923012,0.039494404511316715,0.7720399629392269,0.11791971801240794,,
Farm B,R05P6179775281,AgACI,0.6562839019135658,0.45920093050694927,0.19708297140661646,0.7084830335839043,0.5140769368556396,0.11657084266573596,0.7455670215903438,0.14222562789987322,,
Farm B,R05P6179775281,CART,0.5626100566676537,0.3590817926161031,0.20352826405155053,0.6518305647371222,0.4015835234951384,0.2254191262778148,0.5819869566576963,0.10348791360202236,,
Farm B,R05P6179775281,CLARA_online,0.5626873472734399,0.36694618099712406,0.1957411662763131,0.6651633707139856,0.4104199149344879,0.11264705445951852,0.6444237269489197,0.09167471979381246,0.006525031081633894,0.0851496887121786
Farm B,R05P6179775281,EEE,0.5721596962438426,0.3811406744775541,0.1910190217662884,0.6532115105304395,0.42636878401362116,0.14019497172538506,0.6571729177665834,0.08639045847919306,0.011011412565986294,0.07537904591320678
Farm B,R05P6179775281,EnbPI-RH,0.5600738395532109,0.32060185334702446,0.23947198620618637,0.6004522093245476,0.3583476366759488,0.2400322633086801,0.40202617316780404,0.051569867977085605,,
Farm B,R05P6179775281,LinUCB,0.5572456963191507,0.3368168350835259,0.22042886123562477,0.6270594610275881,0.3765667172787594,0.20931182592593978,0.4926198223272777,0.07633292656908659,,
Farm B,R05P6179775281,Static,0.5836937609885684,0.30285015778966,0.28084360319890833,0.5714060731610409,0.33840191133059555,0.4232896938570006,0.37267120918869806,0.07918149391246258,,
Farm B,R05P6179775281,TSC,0.5535504315559583,0.31058515941912995,0.2429652721368277,0.589919583985888,0.3470929243974144,0.2236914192780322,0.23751004136426435,0.032534142425787456,0.014265044927758912,0.01826909749802855
Farm B,R10,ACI,0.7882975329458272,0.4419097562665781,0.346387776679249,0.6993231424924128,0.4946486511923012,0.039494404511316715,0.7720399629392269,0.11791971801240794,,
Farm B,R10,AgACI,0.8100086196107267,0.45920093050694927,0.3508076891037773,0.7084830335839043,0.5140769368556396,0.11657084266573596,0.7455670215903438,0.14222562789987322,,
Farm B,R10,CART,0.7184336628024653,0.373005070241726,0.34542859256073927,0.6650573918422399,0.4172276556587595,0.17549887758270646,0.6586586643087903,0.11081139018844698,,
Farm B,R10,CLARA_online,0.7069502943553222,0.4040755126818026,0.3028747816735154,0.7037667189316429,0.4521382651419907,0.060552329038820525,0.7798488265166685,0.12519174695681987,0.003062831417217721,0.12212891553960216
Farm B,R10,EEE,0.7211545332215475,0.3811406744775541,0.34001385874399326,0.6532115105304395,0.42636878401362116,0.14019497172538506,0.6571729177665834,0.08639045847919306,0.011011412565986294,0.07537904591320678
Farm B,R10,EnbPI-RH,0.7468619887940361,0.32060185334702446,0.42626013544701175,0.6004522093245476,0.3583476366759488,0.2400322633086801,0.40202617316780404,0.051569867977085605,,
Farm B,R10,LinUCB,0.7174963999088982,0.378662561566758,0.33883383834214026,0.6761888700583781,0.42358438748463817,0.14912139041466282,0.6674194786486236,0.11620377014602186,,
Farm B,R10,Static,0.802751771483717,0.30285015778966,0.4999016136940569,0.5714060731610409,0.33840191133059555,0.4232896938570006,0.37267120918869806,0.07918149391246258,,
Farm B,R10,TSC,0.7330508633048676,0.4358917449730144,0.2971591183318472,0.7163897480312998,0.48788684075009026,0.014869179951931731,0.8708883717951725,0.1342448566488458,0.0004998614900837965,0.13374499515876198
Farm B,R20,ACI,1.1346853096250762,0.4419097562665781,0.692775553358498,0.6993231424924128,0.4946486511923012,0.039494404511316715,0.7720399629392269,0.11791971801240794,,
Farm B,R20,AgACI,1.160816308714504,0.45920093050694927,0.7016153782075546,0.7084830335839043,0.5140769368556396,0.11657084266573596,0.7455670215903438,0.14222562789987322,,
Farm B,R20,CART,1.0575765973527156,0.37496439061825054,0.6826122067344649,0.6692034929508281,0.41942913922788827,0.17257416142190382,0.6666267269760401,0.1145375203486504,,
Farm B,R20,CLARA_online,1.0109068428333148,0.42323667005740995,0.5876701727759003,0.7190289954870556,0.47366765545166173,0.04805402209503975,0.8153175612599607,0.1393409603281919,0.0021508958414509813,0.13719006448674093
Farm B,R20,EEE,1.061168391965541,0.3811406744775541,0.6800277174879865,0.6532115105304395,0.42636878401362116,0.14019497172538506,0.6571729177665834,0.08639045847919306,0.011011412565986294,0.07537904591320678
Farm B,R20,EnbPI-RH,1.173122124241048,0.32060185334702446,0.8525202708940235,0.6004522093245476,0.3583476366759488,0.2400322633086801,0.40202617316780404,0.051569867977085605,,
Farm B,R20,LinUCB,1.0531305438743195,0.41194845048055284,0.6411820933937665,0.7006532899071186,0.46098426266867737,0.11207605714611407,0.7287556272078597,0.13183543441333292,,
Farm B,R20,Static,1.3026533851777737,0.30285015778966,0.9998032273881138,0.5714060731610409,0.33840191133059555,0.4232896938570006,0.37267120918869806,0.07918149391246258,,
Farm B,R20,TSC,1.0302099816367152,0.4358917449730144,0.5943182366636944,0.7163897480312998,0.48788684075009026,0.014869179951931731,0.8708883717951725,0.1342448566488458,0.0004998614900837965,0.13374499515876198
Farm A,ALL,ACI,0.7340090870465753,0.43416961848230534,0.29983946856426985,0.7199785310495513,0.4713804175630038,0.02931484081240594,0.8035201683398705,0.13754888265096674,,
Farm A,ALL,AgACI,0.7454523677995342,0.45682874548948404,0.28862362231005,0.7321771514450198,0.49684011082949675,0.07289861955030706,0.797450953400956,0.15750929615173315,,
Farm A,ALL,CART,0.7075678334832847,0.3754913544474692,0.33207647903581544,0.6557825975524971,0.40544978381599706,0.19398553369466068,0.5941991060856966,0.1058942762985523,,
Farm A,ALL,CLARA_online,0.6935138734668108,0.399396009422638,0.2941178640441723,0.6950045092520818,0.4323089467094408,0.08406505939624379,0.7245044748241574,0.12012736164083712,0.0053333562876994286,0.11479400535313766
Farm A,ALL,EEE,0.7212618445756568,0.3841660812171365,0.33709576335852043,0.6430850389542309,0.41519666782685577,0.18869044070968252,0.5960602803068846,0.0937745276215924,0.019143047115821446,0.07463148050577095
Farm A,ALL,EnbPI-RH,0.7655134984477416,0.32696794996533207,0.4385455484824095,0.6051555245509019,0.3509291046225845,0.2897778179087549,0.42143877091410503,0.07166858632326423,,
Farm A,ALL,LinUCB,0.6935398776610373,0.38202610511793134,0.31151377254310597,0.6658657417594726,0.41279220029966235,0.17211202191263533,0.6230744111251051,0.11344154520563751,,
Farm A,ALL,Static,0.7757840852157509,0.3186980109314127,0.45708607428433823,0.5964856857997352,0.341637038292338,0.3292677214807976,0.40423095038346907,0.07988251651133711,,
Farm A,ALL,TSC,0.6908776312881685,0.39306279409536693,0.2978148371928012,0.6782962970795975,0.42519297443160575,0.129996317943046,0.6741308870263705,0.11732246138160052,0.012373152580919849,0.10494930880068065
Farm B,ALL,ACI,0.7094456637826633,0.441909756266578,0.26753590751608514,0.6993231424924128,0.4946486511923013,0.039494404511316715,0.7720399629392269,0.11791971801240794,,
Farm B,ALL,AgACI,0.7301505995967656,0.4592009305069492,0.2709496690898163,0.7084830335839043,0.5140769368556396,0.11657084266573596,0.7455670215903438,0.14222562789987322,,
Farm B,ALL,CART,0.6326956980179924,0.36275901850561154,0.2699366795123809,0.6467631635139586,0.4057152379777321,0.2100463349275937,0.5813187185636578,0.09540644889893939,,
Farm B,ALL,CLARA_online,0.6109044199568403,0.3685482343386044,0.2423561856182336,0.6597405189736051,0.4122199748687348,0.12528646884121153,0.6085326614378925,0.08980852071492351,0.007658619305696304,0.0821499014092272
Farm B,ALL,EEE,0.6437536256018476,0.3811406744775541,0.2626129511242932,0.6532115105304395,0.4263687840136211,0.14019497172538506,0.6571729177665834,0.08639045847919306,0.011011412565986294,0.07537904591320678
Farm B,ALL,EnbPI-RH,0.6498279399832895,0.32060185334702446,0.329226086636265,0.6004522093245476,0.3583476366759488,0.24003226330868008,0.40202617316780404,0.051569867977085605,,
Farm B,ALL,LinUCB,0.61205895805225,0.34247803467393084,0.2695809233783192,0.6262579767826081,0.38292761569494477,0.26826749448193965,0.467698973054944,0.08894595126798095,,
Farm B,ALL,Static,0.6889539434675193,0.30285015778966,0.3861037856778592,0.5714060731610409,0.33840191133059555,0.4232896938570006,0.37267120918869806,0.07918149391246258,,
Farm B,ALL,TSC,0.6135450101313735,0.3607077936406837,0.252837216490687,0.6405076496040527,0.40341049093848474,0.140162523547592,0.4908613735366276,0.07321842811501081,0.008758971552688866,0.06445945656232192
Pooled,ALL,ACI,0.7217273754146193,0.43803968737444166,0.2836876880401775,0.7096508367709821,0.4830145343776525,0.034404622661861325,0.7877800656395487,0.12773430033168734,,
Pooled,ALL,AgACI,0.7378014836981499,0.45801483799821663,0.27978664569993317,0.720330092514462,0.5054585238425682,0.09473473110802151,0.7715089874956499,0.1498674620258032,,
Pooled,ALL,CART,0.6701317657506385,0.36912518647654036,0.30100657927409813,0.6512728805332278,0.4055825108968646,0.2020159343111272,0.5877589123246771,0.10065036259874585,,
Pooled,ALL,CLARA_online,0.6522091467118256,0.3839721218806212,0.26823702483120293,0.6773725141128435,0.4222644607890878,0.10467576411872766,0.666518568131025,0.10496794117788032,0.0064959877966978665,0.09847195338118243
Pooled,ALL,EEE,0.6825077350887522,0.3826533778473453,0.29985435724140685,0.6481482747423352,0.42078272592023847,0.1644427062175338,0.6266165990367341,0.09008249305039273,0.01507722984090387,0.07500526320948886
Pooled,ALL,EnbPI-RH,0.7076707192155156,0.32378490165617824,0.38388581755933726,0.6028038669377247,0.3546383706492666,0.2649050406087175,0.41173247204095453,0.06161922715017491,,
Pooled,ALL,LinUCB,0.6527994178566436,0.36225206989593106,0.2905473479607126,0.6460618592710403,0.39785990799730353,0.22018975819728748,0.5453866920900245,0.10119374823680924,,
Pooled,ALL,Static,0.732369014341635,0.31077408436053633,0.4215949299810987,0.583945879480388,0.34001947481146677,0.3762787076688991,0.38845107978608356,0.07953200521189985,,
Pooled,ALL,TSC,0.6522113207097711,0.37688529386802533,0.2753260268417441,0.659401973341825,0.4143017326850452,0.135079420745319,0.582496130281499,0.09527044474830566,0.010566062066804358,0.0847043826815013
Pooled,R01,ACI,0.4747696906266614,0.4380396873744417,0.03673000325221966,0.7096508367709821,0.4830145343776525,0.034404622661861325,0.7877800656395488,0.12773430033168734,,
Pooled,R01,AgACI,0.494239760121135,0.4580148379982167,0.03622492212291832,0.720330092514462,0.5054585238425682,0.09473473110802151,0.7715089874956499,0.1498674620258032,,
Pooled,R01,CART,0.4000419080398096,0.3540237477140229,0.04601816032578673,0.6202958346430691,0.3886146021749347,0.25208912783972004,0.49016451317292464,0.07951899064070725,,
Pooled,R01,CLARA_online,0.38649428283672826,0.3416849004054408,0.044809382431287396,0.6229826463921755,0.37475072879450366,0.18104539251998686,0.4894301244486545,0.062208481895995635,0.012548124541386114,0.04966035735460954
Pooled,R01,EEE,0.4214765343711818,0.3826533778473453,0.0388231565238365,0.6481482747423352,0.42078272592023847,0.1644427062175338,0.6266165990367341,0.09008249305039273,0.01507722984090387,0.07500526320948886
Pooled,R01,EnbPI-RH,0.37348789520110265,0.32378490165617824,0.049702993544924384,0.6028038669377247,0.3546383706492666,0.2649050406087175,0.41173247204095453,0.06161922715017491,,
Pooled,R01,LinUCB,0.3615872933229374,0.30786043021754045,0.05372686310539697,0.582452207802366,0.33674570611147137,0.3759112912986494,0.3242206530383008,0.071351231277204,,
Pooled,R01,Static,0.36535940407004724,0.31077408436053633,0.05458531970951089,0.583945879480388,0.34001947481146677,0.3762787076688991,0.3884510797860836,0.07953200521189985,,
Pooled,R01,TSC,0.368884155182018,0.31861513613768655,0.050269019044331384,0.5959106736364067,0.34882964534758754,0.25727819204582414,0.33353176913212135,0.0531895706670321,0.021940031827941266,0.031249538839090825
Pooled,R02,ACI,0.5114996938788811,0.4380396873744417,0.07346000650443932,0.7096508367709821,0.4830145343776525,0.034404622661861325,0.7877800656395488,0.12773430033168734,,
Pooled,R02,AgACI,0.5304646822440533,0.4580148379982167,0.07244984424583664,0.720330092514462,0.5054585238425682,0.09473473110802151,0.7715089874956499,0.1498674620258032,,
Pooled,R02,CART,0.44763657179061356,0.35998951299675314,0.08764705879386038,0.6287594402670033,0.39531770923418225,0.22797689918365377,0.5271295998056604,0.08077995688710383,,
Pooled,R02,CLARA_online,0.4364487277778796,0.34949178713056356,0.08695694064731546,0.6307363655418405,0.3835225116317202,0.14972763337601022,0.5341217248167988,0.06502250431541855,0.010018162693871072,0.05500434162154744
Pooled,R02,EEE,0.4602996908950183,0.3826533778473453,0.077646313047673,0.6481482747423352,0.42078272592023847,0.1644427062175338,0.6266165990367341,0.09008249305039273,0.01507722984090387,0.07500526320948886
Pooled,R02,EnbPI-RH,0.42319088874602706,0.32378490165617824,0.09940598708984877,0.6028038669377247,0.3546383706492666,0.2649050406087175,0.41173247204095453,0.06161922715017491,,
Pooled,R02,LinUCB,0.4186164995120053,0.3161150980738865,0.10250140143811878,0.5909723028010723,0.34602061381523097,0.33385112711513704,0.35106039105483355,0.06878913093365302,,
Pooled,R02,Static,0.41994472377955816,0.31077408436053633,0.10917063941902178,0.583945879480388,0.34001947481146677,0.3762787076688991,0.3884510797860836,0.07953200521189985,,
Pooled,R02,TSC,0.41915317422634946,0.31861513613768655,0.10053803808866277,0.5959106736364067,0.34882964534758754,0.25727819204582414,0.33353176913212135,0.0531895706670321,0.021940031827941266,0.031249538839090825
Pooled,R05P6179775281,ACI,0.6443880202520803,0.4380396873744417,0.2063483328776386,0.7096508367709821,0.4830145343776525,0.034404622661861325,0.7877800656395488,0.12773430033168734,,
Pooled,R05P6179775281,AgACI,0.661525636441578,0.4580148379982167,0.20351079844336134,0.720330092514462,0.5054585238425682,0.09473473110802151,0.7715089874956499,0.1498674620258032,,
Pooled,R05P6179775281,CART,0.5929213942925167,0.36983019008384843,0.2230912042086682,0.6611539408782383,0.4063746497814803,0.19988051127651235,0.6080076362048745,0.10988515932939646,,
Pooled,R05P6179775281,CLARA_online,0.591981759930403,0.3864878692329541,0.20549389069744606,0.6907782711772523,0.42509114320743957,0.08740987130122138,0.7083126587467253,0.11477982082230359,0.004921005951163801,0.10985881487113977
Pooled,R05P6179775281,EEE,0.600760998767775,0.3826533778473453,0.21810762092042973,0.6481482747423352,0.42078272592023847,0.1644427062175338,0.6266165990367341,0.09008249305039273,0.01507722984090387,0.07500526320948886
Pooled,R05P6179775281,EnbPI-RH,0.6030152024703602,0.32378490165617824,0.2792303008141819,0.6028038669377247,0.3546383706492666,0.2649050406087175,0.41173247204095453,0.06161922715017491,,
Pooled,R05P6179775281,LinUCB,0.5935599680726265,0.363849752901844,0.22971021517078238,0.653805842113047,0.3996550574421495,0.1697054922564673,0.5884904596006711,0.09715984600461977,,
Pooled,R05P6179775281,Static,0.6174331838521705,0.31077408436053633,0.30665909949163417,0.583945879480388,0.34001947481146677,0.3762787076688991,0.3884510797860836,0.07953200521189985,,
Pooled,R05P6179775281,TSC,0.5938536182261558,0.3653984382834293,0.22845517994272485,0.6570479175364,0.40139515337651066,0.12204958739289509,0.5388406532123198,0.08686977760070975,0.007513385801510945,0.07935639179919882
Pooled,R10,ACI,0.8053397198966384,0.4380396873744417,0.3673000325221967,0.7096508367709821,0.4830145343776525,0.034404622661861325,0.7877800656395488,0.12773430033168734,,
Pooled,R10,AgACI,0.8202640592274,0.4580148379982167,0.3622492212291832,0.720330092514462,0.5054585238425682,0.09473473110802151,0.7715089874956499,0.1498674620258032,,
Pooled,R10,CART,0.7629678708438553,0.37763057411604917,0.3853372967278061,0.6718438834766347,0.4151391262221553,0.17158673955786843,0.653244925571852,0.11677575558756802,,
Pooled,R10,CLARA_online,0.7488742284212675,0.4125029989342831,0.33637122948698106,0.717168811946107,0.4543216260179209,0.054998042359053534,0.792010556303401,0.13770607628493775,0.0026543949759815664,0.13505168130895615
Pooled,R10,EEE,0.7708849430857103,0.3826533778473453,0.388231565238365,0.6481482747423352,0.42078272592023847,0.1644427062175338,0.6266165990367341,0.09008249305039273,0.01507722984090387,0.07500526320948886
Pooled,R10,EnbPI-RH,0.820814837105422,0.32378490165617824,0.4970299354492438,0.6028038669377247,0.3546383706492666,0.2649050406087175,0.41173247204095453,0.06161922715017491,,
Pooled,R10,LinUCB,0.7644682369517757,0.39755482376518303,0.36691341318659265,0.6920378823397302,0.4375259235807326,0.1237376372931277,0.7096935582344452,0.12788247489547416,,
Pooled,R10,Static,0.8566272814556453,0.31077408436053633,0.5458531970951089,0.583945879480388,0.34001947481146677,0.3762787076688991,0.3884510797860836,0.07953200521189985,,
Pooled,R10,TSC,0.7670424183225731,0.42805173106037153,0.33899068726219733,0.720282999559106,0.47179211155284856,0.01763846772984485,0.8555298184277738,0.13772513471223893,0.0006307940826733875,0.13709434062956555
Pooled,R20,ACI,1.172639752418835,0.4380396873744417,0.7346000650443933,0.7096508367709821,0.4830145343776525,0.034404622661861325,0.7877800656395488,0.12773430033168734,,
Pooled,R20,AgACI,1.1825132804565832,0.4580148379982167,0.7244984424583664,0.720330092514462,0.5054585238425682,0.09473473110802151,0.7715089874956499,0.1498674620258032,,
Pooled,R20,CART,1.1470910837863977,0.3841519074720283,0.7629391763143694,0.6743113034011939,0.4224664670715701,0.15854639369788132,0.6602478868680743,0.11629195054895367,,
Pooled,R20,CLARA_online,1.0972467345928494,0.4296930536998644,0.6675536808929847,0.7251964755068419,0.4736362942938547,0.05019788103736629,0.8087177763395449,0.14512282257074607,0.002338250821086778,0.1427845717496593
Pooled,R20,EEE,1.1591165083240753,0.3826533778473453,0.77646313047673,0.6481482747423352,0.42078272592023847,0.1644427062175338,0.6266165990367341,0.09008249305039273,0.01507722984090387,0.07500526320948886
Pooled,R20,EnbPI-RH,1.3178447725546658,0.32378490165617824,0.9940598708984876,0.6028038669377247,0.3546383706492666,0.2649050406087175,0.41173247204095453,0.06161922715017491,,
Pooled,R20,LinUCB,1.1257650914238737,0.42588024452120155,0.6998848469026719,0.7110410612989861,0.4693522390369333,0.09774324302305597,0.7534683985218721,0.14078605807309524,,
Pooled,R20,Static,1.4024804785507543,0.31077408436053633,1.0917063941902179,0.583945879480388,0.34001947481146677,0.3762787076688991,0.3884510797860836,0.07953200521189985,,
Pooled,R20,TSC,1.1121232375917587,0.45374602772095274,0.6583772098708044,0.727857602340806,0.5006621078006919,0.021152664512206903,0.8510466415031589,0.14537817009451537,0.0008060667939549233,0.14457210330056042
