held_out_zone,seed,price_id,n_min,nu,beta,state_count
zone1,0,R01,10,0,1.0,582
zone1,0,R01,10,10,1.0,490
zone1,0,R01,10,30,1.0,556
zone1,0,R01,10,60,1.0,359
zone1,0,R01,10,100,1.0,189
zone1,0,R01,20,0,1.0,6
zone1,0,R01,20,10,1.0,2
zone1,0,R01,20,30,1.0,1
zone1,0,R01,20,100,1.0,1
zone1,0,R01,30,0,1.0,12
zone1,0,R01,30,30,1.0,3
zone1,0,R01,30,60,1.0,1
zone1,0,R01,50,0,1.0,964
zone1,0,R01,50,10,1.0,990
zone1,0,R01,50,30,1.0,1063
zone1,0,R01,50,60,1.0,854
zone1,0,R01,50,100,1.0,527
zone1,0,R02,10,0,1.0,309
zone1,0,R02,10,10,1.0,313
zone1,0,R02,10,30,1.0,263
zone1,0,R02,10,60,1.0,174
zone1,0,R02,10,100,1.0,83
zone1,0,R02,20,0,1.0,5
zone1,0,R02,20,30,1.0,1
zone1,0,R02,20,100,1.0,1
zone1,0,R02,30,0,1.0,5
zone1,0,R02,30,10,1.0,1
zone1,0,R02,30,30,1.0,1
zone1,0,R02,50,0,1.0,1252
zone1,0,R02,50,10,1.0,1229
zone1,0,R02,50,30,1.0,1309
zone1,0,R02,50,60,1.0,953
zone1,0,R02,50,100,1.0,701
zone1,0,R05P6179775281,10,0,1.0,123
zone1,0,R05P6179775281,10,10,1.0,83
zone1,0,R05P6179775281,10,30,1.0,65
zone1,0,R05P6179775281,10,60,1.0,37
zone1,0,R05P6179775281,10,100,1.0,17
zone1,0,R05P6179775281,20,0,1.0,3
zone1,0,R05P6179775281,20,10,1.0,1
zone1,0,R05P6179775281,20,30,1.0,1
zone1,0,R05P6179775281,20,60,1.0,1
zone1,0,R05P6179775281,30,0,1.0,3
zone1,0,R05P6179775281,50,0,1.0,1342
zone1,0,R05P6179775281,50,10,1.0,1603
zone1,0,R05P6179775281,50,30,1.0,1544
zone1,0,R05P6179775281,50,60,1.0,974
zone1,0,R05P6179775281,50,100,1.0,803
zone1,0,R10,10,0,1.0,124
zone1,0,R10,10,10,1.0,86
zone1,0,R10,10,30,1.0,72
zone1,0,R10,10,60,1.0,25
zone1,0,R10,10,100,1.0,14
zone1,0,R10,20,0,1.0,2
zone1,0,R10,20,30,1.0,1
zone1,0,R10,30,0,1.0,2
zone1,0,R10,50,0,1.0,1295
zone1,0,R10,50,10,1.0,1635
zone1,0,R10,50,30,1.0,1557
zone1,0,R10,50,60,1.0,1023
zone1,0,R10,50,100,1.0,764
zone1,0,R20,10,0,1.0,143
zone1,0,R20,10,10,1.0,110
zone1,0,R20,10,30,1.0,87
zone1,0,R20,10,60,1.0,36
zone1,0,R20,10,100,1.0,27
zone1,0,R20,20,0,1.0,5
zone1,0,R20,30,0,1.0,4
zone1,0,R20,30,30,1.0,1
zone1,0,R20,50,0,1.0,1276
zone1,0,R20,50,10,1.0,1641
zone1,0,R20,50,30,1.0,1524
zone1,0,R20,50,60,1.0,1026
zone1,0,R20,50,100,1.0,720
zone1,1,R01,10,0,1.0,580
zone1,1,R01,10,10,1.0,490
zone1,1,R01,10,30,1.0,511
zone1,1,R01,10,60,1.0,347
zone1,1,R01,10,100,1.0,171
zone1,1,R01,20,0,1.0,11
zone1,1,R01,20,10,1.0,1
zone1,1,R01,20,30,1.0,1
zone1,1,R01,20,60,1.0,1
zone1,1,R01,20,100,1.0,1
zone1,1,R01,30,0,1.0,12
zone1,1,R01,30,10,1.0,1
zone1,1,R01,30,30,1.0,2
zone1,1,R01,30,60,1.0,1
zone1,1,R01,50,0,1.0,1018
zone1,1,R01,50,10,1.0,1037
zone1,1,R01,50,30,1.0,1064
zone1,1,R01,50,60,1.0,803
zone1,1,R01,50,100,1.0,548
zone1,1,R02,10,0,1.0,329
zone1,1,R02,10,10,1.0,288
zone1,1,R02,10,30,1.0,268
zone1,1,R02,10,60,1.0,162
zone1,1,R02,10,100,1.0,72
zone1,1,R02,20,0,1.0,4
zone1,1,R02,20,10,1.0,1
zone1,1,R02,20,100,1.0,1
zone1,1,R02,30,0,1.0,4
zone1,1,R02,30,10,1.0,1
zone1,1,R02,30,30,1.0,1
zone1,1,R02,50,0,1.0,1294
zone1,1,R02,50,10,1.0,1213
zone1,1,R02,50,30,1.0,1309
zone1,1,R02,50,60,1.0,905
zone1,1,R02,50,100,1.0,748
zone1,1,R05P6179775281,10,0,1.0,116
zone1,1,R05P6179775281,10,10,1.0,83
zone1,1,R05P6179775281,10,30,1.0,57
zone1,1,R05P6179775281,10,60,1.0,27
zone1,1,R05P6179775281,10,100,1.0,15
zone1,1,R05P6179775281,20,0,1.0,2
zone1,1,R05P6179775281,20,60,1.0,1
zone1,1,R05P6179775281,30,0,1.0,1
zone1,1,R05P6179775281,50,0,1.0,1374
zone1,1,R05P6179775281,50,10,1.0,1514
zone1,1,R05P6179775281,50,30,1.0,1545
zone1,1,R05P6179775281,50,60,1.0,1005
zone1,1,R05P6179775281,50,100,1.0,860
zone1,1,R10,10,0,1.0,105
zone1,1,R10,10,10,1.0,81
zone1,1,R10,10,30,1.0,59
zone1,1,R10,10,60,1.0,27
zone1,1,R10,10,100,1.0,18
zone1,1,R10,20,0,1.0,1
zone1,1,R10,20,30,1.0,1
zone1,1,R10,30,0,1.0,2
zone1,1,R10,50,0,1.0,1370
zone1,1,R10,50,10,1.0,1543
zone1,1,R10,50,30,1.0,1506
zone1,1,R10,50,60,1.0,1039
zone1,1,R10,50,100,1.0,848
zone1,1,R20,10,0,1.0,127
zone1,1,R20,10,10,1.0,115
zone1,1,R20,10,30,1.0,90
zone1,1,R20,10,60,1.0,39
zone1,1,R20,10,100,1.0,31
zone1,1,R20,20,0,1.0,3
zone1,1,R20,30,0,1.0,3
zone1,1,R20,30,10,1.0,1
zone1,1,R20,30,30,1.0,1
zone1,1,R20,50,0,1.0,1306
zone1,1,R20,50,10,1.0,1589
zone1,1,R20,50,30,1.0,1472
zone1,1,R20,50,60,1.0,1035
zone1,1,R20,50,100,1.0,788
zone1,2,R01,10,0,1.0,604
zone1,2,R01,10,10,1.0,498
zone1,2,R01,10,30,1.0,488
zone1,2,R01,10,60,1.0,347
zone1,2,R01,10,100,1.0,176
zone1,2,R01,20,0,1.0,5
zone1,2,R01,20,10,1.0,1
zone1,2,R01,20,30,1.0,1
zone1,2,R01,20,100,1.0,1
zone1,2,R01,30,0,1.0,11
zone1,2,R01,30,10,1.0,1
zone1,2,R01,30,30,1.0,2
zone1,2,R01,30,60,1.0,1
zone1,2,R01,50,0,1.0,924
zone1,2,R01,50,10,1.0,1022
zone1,2,R01,50,30,1.0,1132
zone1,2,R01,50,60,1.0,833
zone1,2,R01,50,100,1.0,553
zone1,2,R02,10,0,1.0,317
zone1,2,R02,10,10,1.0,314
zone1,2,R02,10,30,1.0,263
zone1,2,R02,10,60,1.0,159
zone1,2,R02,10,100,1.0,65
zone1,2,R02,20,0,1.0,4
zone1,2,R02,20,100,1.0,1
zone1,2,R02,30,0,1.0,3
zone1,2,R02,30,10,1.0,2
zone1,2,R02,30,30,1.0,1
zone1,2,R02,50,0,1.0,1167
zone1,2,R02,50,10,1.0,1307
zone1,2,R02,50,30,1.0,1315
zone1,2,R02,50,60,1.0,924
zone1,2,R02,50,100,1.0,758
zone1,2,R05P6179775281,10,0,1.0,136
zone1,2,R05P6179775281,10,10,1.0,81
zone1,2,R05P6179775281,10,30,1.0,53
zone1,2,R05P6179775281,10,60,1.0,35
zone1,2,R05P6179775281,10,100,1.0,14
zone1,2,R05P6179775281,20,0,1.0,2
zone1,2,R05P6179775281,20,10,1.0,1
zone1,2,R05P6179775281,20,60,1.0,1
zone1,2,R05P6179775281,50,0,1.0,1268
zone1,2,R05P6179775281,50,10,1.0,1629
zone1,2,R05P6179775281,50,30,1.0,1570
zone1,2,R05P6179775281,50,60,1.0,982
zone1,2,R05P6179775281,50,100,1.0,828
zone1,2,R10,10,0,1.0,125
zone1,2,R10,10,10,1.0,81
zone1,2,R10,10,30,1.0,75
zone1,2,R10,10,60,1.0,26
zone1,2,R10,10,100,1.0,14
zone1,2,R10,20,0,1.0,1
zone1,2,R10,20,30,1.0,1
zone1,2,R10,30,0,1.0,1
zone1,2,R10,50,0,1.0,1242
zone1,2,R10,50,10,1.0,1703
zone1,2,R10,50,30,1.0,1528
zone1,2,R10,50,60,1.0,1003
zone1,2,R10,50,100,1.0,800
zone1,2,R20,10,0,1.0,142
zone1,2,R20,10,10,1.0,125
zone1,2,R20,10,30,1.0,106
zone1,2,R20,10,60,1.0,38
zone1,2,R20,10,100,1.0,28
zone1,2,R20,20,0,1.0,5
zone1,2,R20,30,0,1.0,2
zone1,2,R20,30,10,1.0,1
zone1,2,R20,30,30,1.0,1
zone1,2,R20,30,60,1.0,1
zone1,2,R20,50,0,1.0,1251
zone1,2,R20,50,10,1.0,1638
zone1,2,R20,50,30,1.0,1503
zone1,2,R20,50,60,1.0,1000
zone1,2,R20,50,100,1.0,759
zone10,0,R01,10,0,1.0,577
zone10,0,R01,10,10,1.0,561
zone10,0,R01,10,30,1.0,657
zone10,0,R01,10,60,1.0,445
zone10,0,R01,10,100,1.0,261
zone10,0,R01,20,0,1.0,5
zone10,0,R01,20,10,1.0,2
zone10,0,R01,20,30,1.0,1
zone10,0,R01,30,0,1.0,11
zone10,0,R01,30,30,1.0,2
zone10,0,R01,30,60,1.0,1
zone10,0,R01,30,100,1.0,1
zone10,0,R01,50,0,1.0,960
zone10,0,R01,50,10,1.0,891
zone10,0,R01,50,30,1.0,1033
zone10,0,R01,50,60,1.0,710
zone10,0,R01,50,100,1.0,482
zone10,0,R02,10,0,1.0,356
zone10,0,R02,10,10,1.0,334
zone10,0,R02,10,30,1.0,328
zone10,0,R02,10,60,1.0,224
zone10,0,R02,10,100,1.0,137
zone10,0,R02,20,0,1.0,4
zone10,0,R02,20,10,1.0,1
zone10,0,R02,30,0,1.0,6
zone10,0,R02,30,100,1.0,1
zone10,0,R02,50,0,1.0,1212
zone10,0,R02,50,10,1.0,1158
zone10,0,R02,50,30,1.0,1274
zone10,0,R02,50,60,1.0,860
zone10,0,R02,50,100,1.0,705
zone10,0,R05P6179775281,10,0,1.0,128
zone10,0,R05P6179775281,10,10,1.0,101
zone10,0,R05P6179775281,10,30,1.0,76
zone10,0,R05P6179775281,10,60,1.0,40
zone10,0,R05P6179775281,10,100,1.0,15
zone10,0,R05P6179775281,20,0,1.0,2
zone10,0,R05P6179775281,20,100,1.0,1
zone10,0,R05P6179775281,30,0,1.0,3
zone10,0,R05P6179775281,30,30,1.0,1
zone10,0,R05P6179775281,30,100,1.0,1
zone10,0,R05P6179775281,50,0,1.0,1374
zone10,0,R05P6179775281,50,10,1.0,1523
zone10,0,R05P6179775281,50,30,1.0,1548
zone10,0,R05P6179775281,50,60,1.0,985
zone10,0,R05P6179775281,50,100,1.0,802
zone10,0,R10,10,0,1.0,111
zone10,0,R10,10,10,1.0,81
zone10,0,R10,10,30,1.0,68
zone10,0,R10,10,60,1.0,26
zone10,0,R10,10,100,1.0,7
zone10,0,R10,20,0,1.0,2
zone10,0,R10,30,0,1.0,1
zone10,0,R10,30,30,1.0,1
zone10,0,R10,50,0,1.0,1357
zone10,0,R10,50,10,1.0,1613
zone10,0,R10,50,30,1.0,1577
zone10,0,R10,50,60,1.0,977
zone10,0,R10,50,100,1.0,779
zone10,0,R20,10,0,1.0,117
zone10,0,R20,10,10,1.0,93
zone10,0,R20,10,30,1.0,92
zone10,0,R20,10,60,1.0,46
zone10,0,R20,10,100,1.0,31
zone10,0,R20,20,0,1.0,2
zone10,0,R20,30,0,1.0,1
zone10,0,R20,30,10,1.0,1
zone10,0,R20,30,30,1.0,2
zone10,0,R20,50,0,1.0,1330
zone10,0,R20,50,10,1.0,1652
zone10,0,R20,50,30,1.0,1587
zone10,0,R20,50,60,1.0,933
zone10,0,R20,50,100,1.0,713
zone10,1,R01,10,0,1.0,539
zone10,1,R01,10,10,1.0,550
zone10,1,R01,10,30,1.0,665
zone10,1,R01,10,60,1.0,392
zone10,1,R01,10,100,1.0,233
zone10,1,R01,20,0,1.0,10
zone10,1,R01,20,10,1.0,1
zone10,1,R01,20,30,1.0,1
zone10,1,R01,30,0,1.0,7
zone10,1,R01,30,10,1.0,1
zone10,1,R01,30,30,1.0,1
zone10,1,R01,30,60,1.0,1
zone10,1,R01,30,100,1.0,1
zone10,1,R01,50,0,1.0,1022
zone10,1,R01,50,10,1.0,952
zone10,1,R01,50,30,1.0,1016
zone10,1,R01,50,60,1.0,709
zone10,1,R01,50,100,1.0,499
zone10,1,R02,10,0,1.0,330
zone10,1,R02,10,10,1.0,329
zone10,1,R02,10,30,1.0,318
zone10,1,R02,10,60,1.0,202
zone10,1,R02,10,100,1.0,111
zone10,1,R02,20,0,1.0,7
zone10,1,R02,20,10,1.0,1
zone10,1,R02,30,0,1.0,3
zone10,1,R02,30,100,1.0,1
zone10,1,R02,50,0,1.0,1233
zone10,1,R02,50,10,1.0,1208
zone10,1,R02,50,30,1.0,1263
zone10,1,R02,50,60,1.0,899
zone10,1,R02,50,100,1.0,695
zone10,1,R05P6179775281,10,0,1.0,118
zone10,1,R05P6179775281,10,10,1.0,103
zone10,1,R05P6179775281,10,30,1.0,75
zone10,1,R05P6179775281,10,60,1.0,57
zone10,1,R05P6179775281,10,100,1.0,14
zone10,1,R05P6179775281,20,0,1.0,2
zone10,1,R05P6179775281,20,30,1.0,1
zone10,1,R05P6179775281,20,100,1.0,1
zone10,1,R05P6179775281,30,0,1.0,2
zone10,1,R05P6179775281,30,30,1.0,1
zone10,1,R05P6179775281,30,100,1.0,1
zone10,1,R05P6179775281,50,0,1.0,1383
zone10,1,R05P6179775281,50,10,1.0,1447
zone10,1,R05P6179775281,50,30,1.0,1620
zone10,1,R05P6179775281,50,60,1.0,942
zone10,1,R05P6179775281,50,100,1.0,833
zone10,1,R10,10,0,1.0,111
zone10,1,R10,10,10,1.0,78
zone10,1,R10,10,30,1.0,67
zone10,1,R10,10,60,1.0,41
zone10,1,R10,10,100,1.0,9
zone10,1,R10,20,30,1.0,1
zone10,1,R10,30,30,1.0,1
zone10,1,R10,50,0,1.0,1393
zone10,1,R10,50,10,1.0,1505
zone10,1,R10,50,30,1.0,1586
zone10,1,R10,50,60,1.0,996
zone10,1,R10,50,100,1.0,812
zone10,1,R20,10,0,1.0,115
zone10,1,R20,10,10,1.0,105
zone10,1,R20,10,30,1.0,100
zone10,1,R20,10,60,1.0,62
zone10,1,R20,10,100,1.0,32
zone10,1,R20,20,0,1.0,2
zone10,1,R20,20,30,1.0,1
zone10,1,R20,30,30,1.0,1
zone10,1,R20,50,0,1.0,1367
zone10,1,R20,50,10,1.0,1548
zone10,1,R20,50,30,1.0,1532
zone10,1,R20,50,60,1.0,975
zone10,1,R20,50,100,1.0,760
zone10,2,R01,10,0,1.0,576
zone10,2,R01,10,10,1.0,572
zone10,2,R01,10,30,1.0,612
zone10,2,R01,10,60,1.0,376
zone10,2,R01,10,100,1.0,207
zone10,2,R01,20,0,1.0,6
zone10,2,R01,20,10,1.0,3
zone10,2,R01,20,30,1.0,1
zone10,2,R01,20,60,1.0,1
zone10,2,R01,30,0,1.0,10
zone10,2,R01,30,30,1.0,2
zone10,2,R01,30,60,1.0,2
zone10,2,R01,30,100,1.0,1
zone10,2,R01,50,0,1.0,980
zone10,2,R01,50,10,1.0,935
zone10,2,R01,50,30,1.0,1048
zone10,2,R01,50,60,1.0,776
zone10,2,R01,50,100,1.0,492
zone10,2,R02,10,0,1.0,342
zone10,2,R02,10,10,1.0,317
zone10,2,R02,10,30,1.0,301
zone10,2,R02,10,60,1.0,170
zone10,2,R02,10,100,1.0,83
zone10,2,R02,20,0,1.0,4
zone10,2,R02,20,10,1.0,1
zone10,2,R02,20,30,1.0,1
zone10,2,R02,30,0,1.0,5
zone10,2,R02,30,100,1.0,1
zone10,2,R02,50,0,1.0,1218
zone10,2,R02,50,10,1.0,1193
zone10,2,R02,50,30,1.0,1334
zone10,2,R02,50,60,1.0,922
zone10,2,R02,50,100,1.0,708
zone10,2,R05P6179775281,10,0,1.0,142
zone10,2,R05P6179775281,10,10,1.0,111
zone10,2,R05P6179775281,10,30,1.0,80
zone10,2,R05P6179775281,10,60,1.0,59
zone10,2,R05P6179775281,10,100,1.0,18
zone10,2,R05P6179775281,20,0,1.0,2
zone10,2,R05P6179775281,20,100,1.0,1
zone10,2,R05P6179775281,30,0,1.0,2
zone10,2,R05P6179775281,30,30,1.0,1
zone10,2,R05P6179775281,30,100,1.0,1
zone10,2,R05P6179775281,50,0,1.0,1334
zone10,2,R05P6179775281,50,10,1.0,1474
zone10,2,R05P6179775281,50,30,1.0,1611
zone10,2,R05P6179775281,50,60,1.0,950
zone10,2,R05P6179775281,50,100,1.0,814
zone10,2,R10,10,0,1.0,113
zone10,2,R10,10,10,1.0,89
zone10,2,R10,10,30,1.0,66
zone10,2,R10,10,60,1.0,24
zone10,2,R10,10,100,1.0,14
zone10,2,R10,30,30,1.0,1
zone10,2,R10,50,0,1.0,1333
zone10,2,R10,50,10,1.0,1575
zone10,2,R10,50,30,1.0,1601
zone10,2,R10,50,60,1.0,979
zone10,2,R10,50,100,1.0,805
zone10,2,R20,10,0,1.0,128
zone10,2,R20,10,10,1.0,114
zone10,2,R20,10,30,1.0,99
zone10,2,R20,10,60,1.0,50
zone10,2,R20,10,100,1.0,36
zone10,2,R20,20,0,1.0,2
zone10,2,R20,30,0,1.0,2
zone10,2,R20,30,10,1.0,2
zone10,2,R20,30,30,1.0,1
zone10,2,R20,50,0,1.0,1302
zone10,2,R20,50,10,1.0,1590
zone10,2,R20,50,30,1.0,1544
zone10,2,R20,50,60,1.0,938
zone10,2,R20,50,100,1.0,792
zone2,0,R01,10,0,1.0,634
zone2,0,R01,10,10,1.0,561
zone2,0,R01,10,30,1.0,600
zone2,0,R01,10,60,1.0,367
zone2,0,R01,10,100,1.0,184
zone2,0,R01,20,0,1.0,7
zone2,0,R01,20,10,1.0,1
zone2,0,R01,30,0,1.0,11
zone2,0,R01,30,10,1.0,1
zone2,0,R01,30,30,1.0,2
zone2,0,R01,30,60,1.0,4
zone2,0,R01,30,100,1.0,1
zone2,0,R01,50,0,1.0,939
zone2,0,R01,50,10,1.0,983
zone2,0,R01,50,30,1.0,1127
zone2,0,R01,50,60,1.0,716
zone2,0,R01,50,100,1.0,462
zone2,0,R02,10,0,1.0,355
zone2,0,R02,10,10,1.0,331
zone2,0,R02,10,30,1.0,324
zone2,0,R02,10,60,1.0,192
zone2,0,R02,10,100,1.0,111
zone2,0,R02,20,0,1.0,5
zone2,0,R02,20,10,1.0,1
zone2,0,R02,30,0,1.0,8
zone2,0,R02,30,60,1.0,3
zone2,0,R02,30,100,1.0,1
zone2,0,R02,50,0,1.0,1229
zone2,0,R02,50,10,1.0,1263
zone2,0,R02,50,30,1.0,1336
zone2,0,R02,50,60,1.0,800
zone2,0,R02,50,100,1.0,641
zone2,0,R05P6179775281,10,0,1.0,145
zone2,0,R05P6179775281,10,10,1.0,104
zone2,0,R05P6179775281,10,30,1.0,100
zone2,0,R05P6179775281,10,60,1.0,43
zone2,0,R05P6179775281,10,100,1.0,35
zone2,0,R05P6179775281,20,0,1.0,2
zone2,0,R05P6179775281,20,10,1.0,1
zone2,0,R05P6179775281,30,0,1.0,1
zone2,0,R05P6179775281,30,10,1.0,1
zone2,0,R05P6179775281,30,60,1.0,1
zone2,0,R05P6179775281,50,0,1.0,1386
zone2,0,R05P6179775281,50,10,1.0,1565
zone2,0,R05P6179775281,50,30,1.0,1587
zone2,0,R05P6179775281,50,60,1.0,900
zone2,0,R05P6179775281,50,100,1.0,729
zone2,0,R10,10,0,1.0,152
zone2,0,R10,10,10,1.0,98
zone2,0,R10,10,30,1.0,74
zone2,0,R10,10,60,1.0,48
zone2,0,R10,10,100,1.0,19
zone2,0,R10,20,60,1.0,1
zone2,0,R10,30,0,1.0,1
zone2,0,R10,50,0,1.0,1355
zone2,0,R10,50,10,1.0,1642
zone2,0,R10,50,30,1.0,1560
zone2,0,R10,50,60,1.0,958
zone2,0,R10,50,100,1.0,692
zone2,0,R20,10,0,1.0,178
zone2,0,R20,10,10,1.0,110
zone2,0,R20,10,30,1.0,120
zone2,0,R20,10,60,1.0,51
zone2,0,R20,10,100,1.0,20
zone2,0,R20,20,0,1.0,2
zone2,0,R20,20,10,1.0,1
zone2,0,R20,30,10,1.0,1
zone2,0,R20,30,30,1.0,1
zone2,0,R20,30,60,1.0,1
zone2,0,R20,50,0,1.0,1343
zone2,0,R20,50,10,1.0,1613
zone2,0,R20,50,30,1.0,1513
zone2,0,R20,50,60,1.0,997
zone2,0,R20,50,100,1.0,649
zone2,1,R01,10,0,1.0,658
zone2,1,R01,10,10,1.0,616
zone2,1,R01,10,30,1.0,528
zone2,1,R01,10,60,1.0,315
zone2,1,R01,10,100,1.0,142
zone2,1,R01,20,0,1.0,14
zone2,1,R01,20,30,1.0,1
zone2,1,R01,30,0,1.0,12
zone2,1,R01,30,10,1.0,1
zone2,1,R01,30,30,1.0,2
zone2,1,R01,30,60,1.0,4
zone2,1,R01,30,100,1.0,1
zone2,1,R01,50,0,1.0,997
zone2,1,R01,50,10,1.0,1036
zone2,1,R01,50,30,1.0,1043
zone2,1,R01,50,60,1.0,738
zone2,1,R01,50,100,1.0,492
zone2,1,R02,10,0,1.0,401
zone2,1,R02,10,10,1.0,336
zone2,1,R02,10,30,1.0,304
zone2,1,R02,10,60,1.0,163
zone2,1,R02,10,100,1.0,99
zone2,1,R02,20,0,1.0,7
zone2,1,R02,30,0,1.0,7
zone2,1,R02,30,60,1.0,3
zone2,1,R02,30,100,1.0,1
zone2,1,R02,50,0,1.0,1280
zone2,1,R02,50,10,1.0,1277
zone2,1,R02,50,30,1.0,1239
zone2,1,R02,50,60,1.0,797
zone2,1,R02,50,100,1.0,686
zone2,1,R05P6179775281,10,0,1.0,137
zone2,1,R05P6179775281,10,10,1.0,112
zone2,1,R05P6179775281,10,30,1.0,84
zone2,1,R05P6179775281,10,60,1.0,43
zone2,1,R05P6179775281,10,100,1.0,20
zone2,1,R05P6179775281,20,0,1.0,1
zone2,1,R05P6179775281,20,10,1.0,2
zone2,1,R05P6179775281,30,0,1.0,2
zone2,1,R05P6179775281,30,60,1.0,1
zone2,1,R05P6179775281,50,0,1.0,1478
zone2,1,R05P6179775281,50,10,1.0,1509
zone2,1,R05P6179775281,50,30,1.0,1476
zone2,1,R05P6179775281,50,60,1.0,973
zone2,1,R05P6179775281,50,100,1.0,762
zone2,1,R10,10,0,1.0,140
zone2,1,R10,10,10,1.0,104
zone2,1,R10,10,30,1.0,60
zone2,1,R10,10,60,1.0,51
zone2,1,R10,10,100,1.0,24
zone2,1,R10,20,10,1.0,1
zone2,1,R10,20,60,1.0,1
zone2,1,R10,30,0,1.0,2
zone2,1,R10,50,0,1.0,1443
zone2,1,R10,50,10,1.0,1550
zone2,1,R10,50,30,1.0,1547
zone2,1,R10,50,60,1.0,954
zone2,1,R10,50,100,1.0,723
zone2,1,R20,10,0,1.0,166
zone2,1,R20,10,10,1.0,118
zone2,1,R20,10,30,1.0,109
zone2,1,R20,10,60,1.0,49
zone2,1,R20,10,100,1.0,27
zone2,1,R20,20,0,1.0,2
zone2,1,R20,20,10,1.0,1
zone2,1,R20,30,0,1.0,1
zone2,1,R20,30,30,1.0,1
zone2,1,R20,30,60,1.0,1
zone2,1,R20,50,0,1.0,1389
zone2,1,R20,50,10,1.0,1584
zone2,1,R20,50,30,1.0,1526
zone2,1,R20,50,60,1.0,955
zone2,1,R20,50,100,1.0,671
zone2,2,R01,10,0,1.0,666
zone2,2,R01,10,10,1.0,537
zone2,2,R01,10,30,1.0,552
zone2,2,R01,10,60,1.0,321
zone2,2,R01,10,100,1.0,178
zone2,2,R01,20,0,1.0,8
zone2,2,R01,20,10,1.0,1
zone2,2,R01,30,0,1.0,13
zone2,2,R01,30,10,1.0,1
zone2,2,R01,30,30,1.0,1
zone2,2,R01,30,60,1.0,4
zone2,2,R01,30,100,1.0,2
zone2,2,R01,50,0,1.0,936
zone2,2,R01,50,10,1.0,1005
zone2,2,R01,50,30,1.0,1112
zone2,2,R01,50,60,1.0,741
zone2,2,R01,50,100,1.0,522
zone2,2,R02,10,0,1.0,377
zone2,2,R02,10,10,1.0,307
zone2,2,R02,10,30,1.0,322
zone2,2,R02,10,60,1.0,171
zone2,2,R02,10,100,1.0,94
zone2,2,R02,20,0,1.0,6
zone2,2,R02,20,10,1.0,1
zone2,2,R02,30,0,1.0,10
zone2,2,R02,30,60,1.0,3
zone2,2,R02,30,100,1.0,1
zone2,2,R02,50,0,1.0,1192
zone2,2,R02,50,10,1.0,1305
zone2,2,R02,50,30,1.0,1263
zone2,2,R02,50,60,1.0,850
zone2,2,R02,50,100,1.0,698
zone2,2,R05P6179775281,10,0,1.0,160
zone2,2,R05P6179775281,10,10,1.0,105
zone2,2,R05P6179775281,10,30,1.0,89
zone2,2,R05P6179775281,10,60,1.0,42
zone2,2,R05P6179775281,10,100,1.0,17
zone2,2,R05P6179775281,20,0,1.0,1
zone2,2,R05P6179775281,20,10,1.0,1
zone2,2,R05P6179775281,30,0,1.0,2
zone2,2,R05P6179775281,30,60,1.0,1
zone2,2,R05P6179775281,50,0,1.0,1371
zone2,2,R05P6179775281,50,10,1.0,1533
zone2,2,R05P6179775281,50,30,1.0,1572
zone2,2,R05P6179775281,50,60,1.0,941
zone2,2,R05P6179775281,50,100,1.0,765
zone2,2,R10,10,0,1.0,164
zone2,2,R10,10,10,1.0,104
zone2,2,R10,10,30,1.0,54
zone2,2,R10,10,60,1.0,52
zone2,2,R10,10,100,1.0,18
zone2,2,R10,20,0,1.0,2
zone2,2,R10,20,60,1.0,1
zone2,2,R10,30,0,1.0,2
zone2,2,R10,50,0,1.0,1358
zone2,2,R10,50,10,1.0,1603
zone2,2,R10,50,30,1.0,1536
zone2,2,R10,50,60,1.0,964
zone2,2,R10,50,100,1.0,742
zone2,2,R20,10,0,1.0,181
zone2,2,R20,10,10,1.0,128
zone2,2,R20,10,30,1.0,117
zone2,2,R20,10,60,1.0,49
zone2,2,R20,10,100,1.0,23
zone2,2,R20,20,0,1.0,4
zone2,2,R20,20,10,1.0,1
zone2,2,R20,30,0,1.0,1
zone2,2,R20,30,10,1.0,1
zone2,2,R20,30,30,1.0,1
zone2,2,R20,30,60,1.0,2
zone2,2,R20,50,0,1.0,1339
zone2,2,R20,50,10,1.0,1604
zone2,2,R20,50,30,1.0,1482
zone2,2,R20,50,60,1.0,961
zone2,2,R20,50,100,1.0,706
zone3,0,R01,10,0,1.0,647
zone3,0,R01,10,10,1.0,498
zone3,0,R01,10,30,1.0,574
zone3,0,R01,10,60,1.0,385
zone3,0,R01,10,100,1.0,209
zone3,0,R01,20,0,1.0,7
zone3,0,R01,20,10,1.0,3
zone3,0,R01,30,0,1.0,16
zone3,0,R01,30,10,1.0,2
zone3,0,R01,30,60,1.0,3
zone3,0,R01,30,100,1.0,1
zone3,0,R01,50,0,1.0,965
zone3,0,R01,50,10,1.0,950
zone3,0,R01,50,30,1.0,1079
zone3,0,R01,50,60,1.0,735
zone3,0,R01,50,100,1.0,526
zone3,0,R02,10,0,1.0,357
zone3,0,R02,10,10,1.0,339
zone3,0,R02,10,30,1.0,264
zone3,0,R02,10,60,1.0,192
zone3,0,R02,10,100,1.0,108
zone3,0,R02,20,0,1.0,5
zone3,0,R02,20,10,1.0,1
zone3,0,R02,30,0,1.0,9
zone3,0,R02,30,30,1.0,1
zone3,0,R02,30,60,1.0,1
zone3,0,R02,50,0,1.0,1218
zone3,0,R02,50,10,1.0,1262
zone3,0,R02,50,30,1.0,1265
zone3,0,R02,50,60,1.0,899
zone3,0,R02,50,100,1.0,679
zone3,0,R05P6179775281,10,0,1.0,148
zone3,0,R05P6179775281,10,10,1.0,94
zone3,0,R05P6179775281,10,30,1.0,73
zone3,0,R05P6179775281,10,60,1.0,34
zone3,0,R05P6179775281,10,100,1.0,28
zone3,0,R05P6179775281,20,0,1.0,2
zone3,0,R05P6179775281,30,0,1.0,2
zone3,0,R05P6179775281,30,10,1.0,1
zone3,0,R05P6179775281,30,60,1.0,1
zone3,0,R05P6179775281,50,0,1.0,1341
zone3,0,R05P6179775281,50,10,1.0,1615
zone3,0,R05P6179775281,50,30,1.0,1545
zone3,0,R05P6179775281,50,60,1.0,946
zone3,0,R05P6179775281,50,100,1.0,770
zone3,0,R10,10,0,1.0,128
zone3,0,R10,10,10,1.0,95
zone3,0,R10,10,30,1.0,80
zone3,0,R10,10,60,1.0,36
zone3,0,R10,10,100,1.0,10
zone3,0,R10,20,0,1.0,2
zone3,0,R10,20,60,1.0,1
zone3,0,R10,30,0,1.0,2
zone3,0,R10,30,10,1.0,1
zone3,0,R10,30,30,1.0,1
zone3,0,R10,50,0,1.0,1296
zone3,0,R10,50,10,1.0,1670
zone3,0,R10,50,30,1.0,1559
zone3,0,R10,50,60,1.0,983
zone3,0,R10,50,100,1.0,736
zone3,0,R20,10,0,1.0,147
zone3,0,R20,10,10,1.0,115
zone3,0,R20,10,30,1.0,111
zone3,0,R20,10,60,1.0,53
zone3,0,R20,10,100,1.0,24
zone3,0,R20,20,0,1.0,4
zone3,0,R20,20,10,1.0,1
zone3,0,R20,30,0,1.0,2
zone3,0,R20,30,10,1.0,2
zone3,0,R20,50,0,1.0,1298
zone3,0,R20,50,10,1.0,1644
zone3,0,R20,50,30,1.0,1536
zone3,0,R20,50,60,1.0,950
zone3,0,R20,50,100,1.0,713
zone3,1,R01,10,0,1.0,622
zone3,1,R01,10,10,1.0,511
zone3,1,R01,10,30,1.0,564
zone3,1,R01,10,60,1.0,347
zone3,1,R01,10,100,1.0,205
zone3,1,R01,20,0,1.0,14
zone3,1,R01,20,10,1.0,2
zone3,1,R01,30,0,1.0,16
zone3,1,R01,30,10,1.0,1
zone3,1,R01,30,60,1.0,4
zone3,1,R01,50,0,1.0,1010
zone3,1,R01,50,10,1.0,953
zone3,1,R01,50,30,1.0,1049
zone3,1,R01,50,60,1.0,788
zone3,1,R01,50,100,1.0,514
zone3,1,R02,10,0,1.0,365
zone3,1,R02,10,10,1.0,319
zone3,1,R02,10,30,1.0,255
zone3,1,R02,10,60,1.0,173
zone3,1,R02,10,100,1.0,84
zone3,1,R02,20,0,1.0,5
zone3,1,R02,20,10,1.0,2
zone3,1,R02,30,0,1.0,9
zone3,1,R02,30,30,1.0,1
zone3,1,R02,30,60,1.0,1
zone3,1,R02,50,0,1.0,1272
zone3,1,R02,50,10,1.0,1239
zone3,1,R02,50,30,1.0,1247
zone3,1,R02,50,60,1.0,935
zone3,1,R02,50,100,1.0,693
zone3,1,R05P6179775281,10,0,1.0,141
zone3,1,R05P6179775281,10,10,1.0,95
zone3,1,R05P6179775281,10,30,1.0,67
zone3,1,R05P6179775281,10,60,1.0,29
zone3,1,R05P6179775281,10,100,1.0,15
zone3,1,R05P6179775281,20,0,1.0,2
zone3,1,R05P6179775281,30,0,1.0,3
zone3,1,R05P6179775281,30,60,1.0,1
zone3,1,R05P6179775281,50,0,1.0,1397
zone3,1,R05P6179775281,50,10,1.0,1487
zone3,1,R05P6179775281,50,30,1.0,1551
zone3,1,R05P6179775281,50,60,1.0,991
zone3,1,R05P6179775281,50,100,1.0,821
zone3,1,R10,10,0,1.0,142
zone3,1,R10,10,10,1.0,94
zone3,1,R10,10,30,1.0,59
zone3,1,R10,10,60,1.0,37
zone3,1,R10,10,100,1.0,11
zone3,1,R10,20,0,1.0,1
zone3,1,R10,20,60,1.0,1
zone3,1,R10,30,0,1.0,1
zone3,1,R10,30,10,1.0,1
zone3,1,R10,50,0,1.0,1346
zone3,1,R10,50,10,1.0,1540
zone3,1,R10,50,30,1.0,1564
zone3,1,R10,50,60,1.0,1001
zone3,1,R10,50,100,1.0,802
zone3,1,R20,10,0,1.0,144
zone3,1,R20,10,10,1.0,97
zone3,1,R20,10,30,1.0,112
zone3,1,R20,10,60,1.0,63
zone3,1,R20,10,100,1.0,26
zone3,1,R20,20,0,1.0,4
zone3,1,R20,20,10,1.0,1
zone3,1,R20,30,0,1.0,1
zone3,1,R20,30,10,1.0,1
zone3,1,R20,50,0,1.0,1325
zone3,1,R20,50,10,1.0,1559
zone3,1,R20,50,30,1.0,1540
zone3,1,R20,50,60,1.0,964
zone3,1,R20,50,100,1.0,763
zone3,2,R01,10,0,1.0,682
zone3,2,R01,10,10,1.0,522
zone3,2,R01,10,30,1.0,536
zone3,2,R01,10,60,1.0,322
zone3,2,R01,10,100,1.0,188
zone3,2,R01,20,0,1.0,13
zone3,2,R01,20,10,1.0,4
zone3,2,R01,20,100,1.0,1
zone3,2,R01,30,0,1.0,15
zone3,2,R01,30,10,1.0,2
zone3,2,R01,30,30,1.0,1
zone3,2,R01,30,60,1.0,3
zone3,2,R01,50,0,1.0,915
zone3,2,R01,50,10,1.0,952
zone3,2,R01,50,30,1.0,1113
zone3,2,R01,50,60,1.0,816
zone3,2,R01,50,100,1.0,515
zone3,2,R02,10,0,1.0,388
zone3,2,R02,10,10,1.0,317
zone3,2,R02,10,30,1.0,262
zone3,2,R02,10,60,1.0,157
zone3,2,R02,10,100,1.0,75
zone3,2,R02,20,0,1.0,6
zone3,2,R02,20,10,1.0,1
zone3,2,R02,20,30,1.0,1
zone3,2,R02,30,0,1.0,8
zone3,2,R02,30,10,1.0,1
zone3,2,R02,30,30,1.0,1
zone3,2,R02,30,60,1.0,1
zone3,2,R02,50,0,1.0,1162
zone3,2,R02,50,10,1.0,1278
zone3,2,R02,50,30,1.0,1312
zone3,2,R02,50,60,1.0,956
zone3,2,R02,50,100,1.0,674
zone3,2,R05P6179775281,10,0,1.0,160
zone3,2,R05P6179775281,10,10,1.0,84
zone3,2,R05P6179775281,10,30,1.0,75
zone3,2,R05P6179775281,10,60,1.0,34
zone3,2,R05P6179775281,10,100,1.0,19
zone3,2,R05P6179775281,20,0,1.0,1
zone3,2,R05P6179775281,30,0,1.0,3
zone3,2,R05P6179775281,30,60,1.0,1
zone3,2,R05P6179775281,50,0,1.0,1319
zone3,2,R05P6179775281,50,10,1.0,1583
zone3,2,R05P6179775281,50,30,1.0,1557
zone3,2,R05P6179775281,50,60,1.0,973
zone3,2,R05P6179775281,50,100,1.0,791
zone3,2,R10,10,0,1.0,139
zone3,2,R10,10,10,1.0,107
zone3,2,R10,10,30,1.0,60
zone3,2,R10,10,60,1.0,34
zone3,2,R10,10,100,1.0,12
zone3,2,R10,20,60,1.0,1
zone3,2,R10,30,0,1.0,1
zone3,2,R10,30,10,1.0,1
zone3,2,R10,50,0,1.0,1303
zone3,2,R10,50,10,1.0,1627
zone3,2,R10,50,30,1.0,1582
zone3,2,R10,50,60,1.0,971
zone3,2,R10,50,100,1.0,762
zone3,2,R20,10,0,1.0,151
zone3,2,R20,10,10,1.0,127
zone3,2,R20,10,30,1.0,110
zone3,2,R20,10,60,1.0,61
zone3,2,R20,10,100,1.0,30
zone3,2,R20,20,0,1.0,5
zone3,2,R20,20,10,1.0,1
zone3,2,R20,30,0,1.0,2
zone3,2,R20,30,10,1.0,2
zone3,2,R20,30,100,1.0,1
zone3,2,R20,50,0,1.0,1313
zone3,2,R20,50,10,1.0,1581
zone3,2,R20,50,30,1.0,1509
zone3,2,R20,50,60,1.0,936
zone3,2,R20,50,100,1.0,771
zone4,0,R01,10,0,1.0,594
zone4,0,R01,10,10,1.0,568
zone4,0,R01,10,30,1.0,568
zone4,0,R01,10,60,1.0,447
zone4,0,R01,10,100,1.0,248
zone4,0,R01,20,0,1.0,5
zone4,0,R01,20,10,1.0,1
zone4,0,R01,20,30,1.0,1
zone4,0,R01,30,0,1.0,18
zone4,0,R01,30,30,1.0,1
zone4,0,R01,30,60,1.0,1
zone4,0,R01,30,100,1.0,3
zone4,0,R01,50,0,1.0,906
zone4,0,R01,50,10,1.0,929
zone4,0,R01,50,30,1.0,1040
zone4,0,R01,50,60,1.0,768
zone4,0,R01,50,100,1.0,502
zone4,0,R02,10,0,1.0,342
zone4,0,R02,10,10,1.0,321
zone4,0,R02,10,30,1.0,319
zone4,0,R02,10,60,1.0,191
zone4,0,R02,10,100,1.0,129
zone4,0,R02,20,0,1.0,4
zone4,0,R02,30,0,1.0,8
zone4,0,R02,30,100,1.0,1
zone4,0,R02,50,0,1.0,1199
zone4,0,R02,50,10,1.0,1185
zone4,0,R02,50,30,1.0,1293
zone4,0,R02,50,60,1.0,924
zone4,0,R02,50,100,1.0,684
zone4,0,R05P6179775281,10,0,1.0,152
zone4,0,R05P6179775281,10,10,1.0,95
zone4,0,R05P6179775281,10,30,1.0,62
zone4,0,R05P6179775281,10,60,1.0,47
zone4,0,R05P6179775281,10,100,1.0,19
zone4,0,R05P6179775281,20,0,1.0,1
zone4,0,R05P6179775281,20,10,1.0,1
zone4,0,R05P6179775281,20,30,1.0,1
zone4,0,R05P6179775281,20,60,1.0,1
zone4,0,R05P6179775281,30,0,1.0,3
zone4,0,R05P6179775281,30,30,1.0,1
zone4,0,R05P6179775281,30,100,1.0,1
zone4,0,R05P6179775281,50,0,1.0,1299
zone4,0,R05P6179775281,50,10,1.0,1528
zone4,0,R05P6179775281,50,30,1.0,1572
zone4,0,R05P6179775281,50,60,1.0,1066
zone4,0,R05P6179775281,50,100,1.0,751
zone4,0,R10,10,0,1.0,129
zone4,0,R10,10,10,1.0,90
zone4,0,R10,10,30,1.0,60
zone4,0,R10,10,60,1.0,36
zone4,0,R10,10,100,1.0,20
zone4,0,R10,20,10,1.0,1
zone4,0,R10,30,0,1.0,3
zone4,0,R10,30,60,1.0,1
zone4,0,R10,50,0,1.0,1273
zone4,0,R10,50,10,1.0,1597
zone4,0,R10,50,30,1.0,1639
zone4,0,R10,50,60,1.0,1009
zone4,0,R10,50,100,1.0,742
zone4,0,R20,10,0,1.0,147
zone4,0,R20,10,10,1.0,98
zone4,0,R20,10,30,1.0,104
zone4,0,R20,10,60,1.0,65
zone4,0,R20,10,100,1.0,19
zone4,0,R20,30,0,1.0,1
zone4,0,R20,30,10,1.0,1
zone4,0,R20,30,60,1.0,2
zone4,0,R20,50,0,1.0,1226
zone4,0,R20,50,10,1.0,1684
zone4,0,R20,50,30,1.0,1611
zone4,0,R20,50,60,1.0,967
zone4,0,R20,50,100,1.0,675
zone4,1,R01,10,0,1.0,585
zone4,1,R01,10,10,1.0,582
zone4,1,R01,10,30,1.0,540
zone4,1,R01,10,60,1.0,390
zone4,1,R01,10,100,1.0,216
zone4,1,R01,20,0,1.0,10
zone4,1,R01,20,10,1.0,1
zone4,1,R01,20,30,1.0,1
zone4,1,R01,30,0,1.0,19
zone4,1,R01,30,10,1.0,2
zone4,1,R01,30,30,1.0,1
zone4,1,R01,30,100,1.0,2
zone4,1,R01,50,0,1.0,950
zone4,1,R01,50,10,1.0,988
zone4,1,R01,50,30,1.0,1032
zone4,1,R01,50,60,1.0,764
zone4,1,R01,50,100,1.0,517
zone4,1,R02,10,0,1.0,353
zone4,1,R02,10,10,1.0,329
zone4,1,R02,10,30,1.0,269
zone4,1,R02,10,60,1.0,197
zone4,1,R02,10,100,1.0,87
zone4,1,R02,20,0,1.0,4
zone4,1,R02,30,0,1.0,7
zone4,1,R02,30,10,1.0,2
zone4,1,R02,30,100,1.0,1
zone4,1,R02,50,0,1.0,1229
zone4,1,R02,50,10,1.0,1251
zone4,1,R02,50,30,1.0,1268
zone4,1,R02,50,60,1.0,898
zone4,1,R02,50,100,1.0,705
zone4,1,R05P6179775281,10,0,1.0,149
zone4,1,R05P6179775281,10,10,1.0,77
zone4,1,R05P6179775281,10,30,1.0,64
zone4,1,R05P6179775281,10,60,1.0,49
zone4,1,R05P6179775281,10,100,1.0,16
zone4,1,R05P6179775281,20,0,1.0,1
zone4,1,R05P6179775281,20,10,1.0,1
zone4,1,R05P6179775281,20,30,1.0,1
zone4,1,R05P6179775281,20,60,1.0,1
zone4,1,R05P6179775281,30,0,1.0,2
zone4,1,R05P6179775281,30,30,1.0,1
zone4,1,R05P6179775281,30,100,1.0,1
zone4,1,R05P6179775281,50,0,1.0,1330
zone4,1,R05P6179775281,50,10,1.0,1503
zone4,1,R05P6179775281,50,30,1.0,1599
zone4,1,R05P6179775281,50,60,1.0,1011
zone4,1,R05P6179775281,50,100,1.0,794
zone4,1,R10,10,0,1.0,124
zone4,1,R10,10,10,1.0,87
zone4,1,R10,10,30,1.0,54
zone4,1,R10,10,60,1.0,30
zone4,1,R10,10,100,1.0,19
zone4,1,R10,20,0,1.0,1
zone4,1,R10,20,10,1.0,1
zone4,1,R10,30,0,1.0,3
zone4,1,R10,30,60,1.0,1
zone4,1,R10,50,0,1.0,1325
zone4,1,R10,50,10,1.0,1527
zone4,1,R10,50,30,1.0,1623
zone4,1,R10,50,60,1.0,1021
zone4,1,R10,50,100,1.0,784
zone4,1,R20,10,0,1.0,132
zone4,1,R20,10,10,1.0,111
zone4,1,R20,10,30,1.0,98
zone4,1,R20,10,60,1.0,76
zone4,1,R20,10,100,1.0,23
zone4,1,R20,20,0,1.0,1
zone4,1,R20,30,0,1.0,3
zone4,1,R20,30,60,1.0,2
zone4,1,R20,50,0,1.0,1285
zone4,1,R20,50,10,1.0,1588
zone4,1,R20,50,30,1.0,1530
zone4,1,R20,50,60,1.0,998
zone4,1,R20,50,100,1.0,753
zone4,2,R01,10,0,1.0,633
zone4,2,R01,10,10,1.0,602
zone4,2,R01,10,30,1.0,539
zone4,2,R01,10,60,1.0,363
zone4,2,R01,10,100,1.0,201
zone4,2,R01,20,0,1.0,7
zone4,2,R01,20,10,1.0,3
zone4,2,R01,20,30,1.0,1
zone4,2,R01,20,60,1.0,1
zone4,2,R01,30,0,1.0,17
zone4,2,R01,30,10,1.0,1
zone4,2,R01,30,30,1.0,1
zone4,2,R01,30,100,1.0,2
zone4,2,R01,50,0,1.0,907
zone4,2,R01,50,10,1.0,964
zone4,2,R01,50,30,1.0,1084
zone4,2,R01,50,60,1.0,790
zone4,2,R01,50,100,1.0,484
zone4,2,R02,10,0,1.0,367
zone4,2,R02,10,10,1.0,347
zone4,2,R02,10,30,1.0,276
zone4,2,R02,10,60,1.0,169
zone4,2,R02,10,100,1.0,67
zone4,2,R02,20,0,1.0,4
zone4,2,R02,20,30,1.0,1
zone4,2,R02,30,0,1.0,6
zone4,2,R02,30,100,1.0,1
zone4,2,R02,50,0,1.0,1190
zone4,2,R02,50,10,1.0,1268
zone4,2,R02,50,30,1.0,1290
zone4,2,R02,50,60,1.0,906
zone4,2,R02,50,100,1.0,708
zone4,2,R05P6179775281,10,0,1.0,169
zone4,2,R05P6179775281,10,10,1.0,86
zone4,2,R05P6179775281,10,30,1.0,65
zone4,2,R05P6179775281,10,60,1.0,59
zone4,2,R05P6179775281,10,100,1.0,18
zone4,2,R05P6179775281,20,10,1.0,1
zone4,2,R05P6179775281,20,30,1.0,1
zone4,2,R05P6179775281,20,60,1.0,1
zone4,2,R05P6179775281,30,0,1.0,1
zone4,2,R05P6179775281,30,30,1.0,1
zone4,2,R05P6179775281,30,100,1.0,1
zone4,2,R05P6179775281,50,0,1.0,1321
zone4,2,R05P6179775281,50,10,1.0,1534
zone4,2,R05P6179775281,50,30,1.0,1580
zone4,2,R05P6179775281,50,60,1.0,996
zone4,2,R05P6179775281,50,100,1.0,766
zone4,2,R10,10,0,1.0,143
zone4,2,R10,10,10,1.0,92
zone4,2,R10,10,30,1.0,54
zone4,2,R10,10,60,1.0,31
zone4,2,R10,10,100,1.0,21
zone4,2,R10,20,10,1.0,1
zone4,2,R10,30,0,1.0,2
zone4,2,R10,30,60,1.0,1
zone4,2,R10,50,0,1.0,1307
zone4,2,R10,50,10,1.0,1585
zone4,2,R10,50,30,1.0,1593
zone4,2,R10,50,60,1.0,1002
zone4,2,R10,50,100,1.0,768
zone4,2,R20,10,0,1.0,145
zone4,2,R20,10,10,1.0,115
zone4,2,R20,10,30,1.0,106
zone4,2,R20,10,60,1.0,77
zone4,2,R20,10,100,1.0,20
zone4,2,R20,20,0,1.0,3
zone4,2,R20,30,0,1.0,1
zone4,2,R20,30,10,1.0,1
zone4,2,R20,30,30,1.0,1
zone4,2,R20,30,60,1.0,3
zone4,2,R20,50,0,1.0,1265
zone4,2,R20,50,10,1.0,1630
zone4,2,R20,50,30,1.0,1564
zone4,2,R20,50,60,1.0,931
zone4,2,R20,50,100,1.0,738
zone5,0,R01,10,0,1.0,546
zone5,0,R01,10,10,1.0,536
zone5,0,R01,10,30,1.0,606
zone5,0,R01,10,60,1.0,414
zone5,0,R01,10,100,1.0,289
zone5,0,R01,20,0,1.0,9
zone5,0,R01,20,10,1.0,2
zone5,0,R01,20,30,1.0,1
zone5,0,R01,30,0,1.0,15
zone5,0,R01,30,10,1.0,2
zone5,0,R01,30,30,1.0,2
zone5,0,R01,30,60,1.0,1
zone5,0,R01,30,100,1.0,1
zone5,0,R01,50,0,1.0,921
zone5,0,R01,50,10,1.0,891
zone5,0,R01,50,30,1.0,1030
zone5,0,R01,50,60,1.0,785
zone5,0,R01,50,100,1.0,549
zone5,0,R02,10,0,1.0,306
zone5,0,R02,10,10,1.0,342
zone5,0,R02,10,30,1.0,324
zone5,0,R02,10,60,1.0,199
zone5,0,R02,10,100,1.0,114
zone5,0,R02,20,0,1.0,7
zone5,0,R02,30,0,1.0,10
zone5,0,R02,30,10,1.0,2
zone5,0,R02,30,100,1.0,1
zone5,0,R02,50,0,1.0,1173
zone5,0,R02,50,10,1.0,1180
zone5,0,R02,50,30,1.0,1250
zone5,0,R02,50,60,1.0,894
zone5,0,R02,50,100,1.0,798
zone5,0,R05P6179775281,10,0,1.0,112
zone5,0,R05P6179775281,10,10,1.0,101
zone5,0,R05P6179775281,10,30,1.0,68
zone5,0,R05P6179775281,10,60,1.0,34
zone5,0,R05P6179775281,10,100,1.0,15
zone5,0,R05P6179775281,20,0,1.0,1
zone5,0,R05P6179775281,20,60,1.0,2
zone5,0,R05P6179775281,30,0,1.0,3
zone5,0,R05P6179775281,30,10,1.0,3
zone5,0,R05P6179775281,30,100,1.0,1
zone5,0,R05P6179775281,50,0,1.0,1307
zone5,0,R05P6179775281,50,10,1.0,1512
zone5,0,R05P6179775281,50,30,1.0,1554
zone5,0,R05P6179775281,50,60,1.0,1024
zone5,0,R05P6179775281,50,100,1.0,863
zone5,0,R10,10,0,1.0,111
zone5,0,R10,10,10,1.0,66
zone5,0,R10,10,30,1.0,69
zone5,0,R10,10,60,1.0,32
zone5,0,R10,10,100,1.0,7
zone5,0,R10,30,0,1.0,1
zone5,0,R10,30,30,1.0,1
zone5,0,R10,50,0,1.0,1308
zone5,0,R10,50,10,1.0,1547
zone5,0,R10,50,30,1.0,1646
zone5,0,R10,50,60,1.0,988
zone5,0,R10,50,100,1.0,824
zone5,0,R20,10,0,1.0,136
zone5,0,R20,10,10,1.0,91
zone5,0,R20,10,30,1.0,95
zone5,0,R20,10,60,1.0,40
zone5,0,R20,10,100,1.0,31
zone5,0,R20,20,0,1.0,1
zone5,0,R20,20,10,1.0,1
zone5,0,R20,30,0,1.0,1
zone5,0,R20,30,10,1.0,1
zone5,0,R20,30,30,1.0,1
zone5,0,R20,50,0,1.0,1274
zone5,0,R20,50,10,1.0,1613
zone5,0,R20,50,30,1.0,1586
zone5,0,R20,50,60,1.0,963
zone5,0,R20,50,100,1.0,766
zone5,1,R01,10,0,1.0,495
zone5,1,R01,10,10,1.0,538
zone5,1,R01,10,30,1.0,604
zone5,1,R01,10,60,1.0,397
zone5,1,R01,10,100,1.0,249
zone5,1,R01,20,0,1.0,14
zone5,1,R01,20,10,1.0,2
zone5,1,R01,20,30,1.0,1
zone5,1,R01,30,0,1.0,15
zone5,1,R01,30,10,1.0,2
zone5,1,R01,30,30,1.0,1
zone5,1,R01,30,60,1.0,1
zone5,1,R01,30,100,1.0,2
zone5,1,R01,50,0,1.0,966
zone5,1,R01,50,10,1.0,940
zone5,1,R01,50,30,1.0,1028
zone5,1,R01,50,60,1.0,783
zone5,1,R01,50,100,1.0,562
zone5,1,R02,10,0,1.0,296
zone5,1,R02,10,10,1.0,304
zone5,1,R02,10,30,1.0,300
zone5,1,R02,10,60,1.0,187
zone5,1,R02,10,100,1.0,104
zone5,1,R02,20,0,1.0,11
zone5,1,R02,20,10,1.0,1
zone5,1,R02,30,0,1.0,7
zone5,1,R02,30,100,1.0,2
zone5,1,R02,50,0,1.0,1187
zone5,1,R02,50,10,1.0,1231
zone5,1,R02,50,30,1.0,1272
zone5,1,R02,50,60,1.0,920
zone5,1,R02,50,100,1.0,778
zone5,1,R05P6179775281,10,0,1.0,120
zone5,1,R05P6179775281,10,10,1.0,91
zone5,1,R05P6179775281,10,30,1.0,76
zone5,1,R05P6179775281,10,60,1.0,35
zone5,1,R05P6179775281,10,100,1.0,18
zone5,1,R05P6179775281,20,0,1.0,1
zone5,1,R05P6179775281,20,30,1.0,1
zone5,1,R05P6179775281,20,60,1.0,2
zone5,1,R05P6179775281,30,10,1.0,2
zone5,1,R05P6179775281,30,100,1.0,1
zone5,1,R05P6179775281,50,0,1.0,1293
zone5,1,R05P6179775281,50,10,1.0,1501
zone5,1,R05P6179775281,50,30,1.0,1539
zone5,1,R05P6179775281,50,60,1.0,989
zone5,1,R05P6179775281,50,100,1.0,931
zone5,1,R10,10,0,1.0,119
zone5,1,R10,10,10,1.0,61
zone5,1,R10,10,30,1.0,83
zone5,1,R10,10,60,1.0,28
zone5,1,R10,10,100,1.0,10
zone5,1,R10,20,0,1.0,3
zone5,1,R10,20,30,1.0,1
zone5,1,R10,30,10,1.0,1
zone5,1,R10,30,30,1.0,1
zone5,1,R10,50,0,1.0,1291
zone5,1,R10,50,10,1.0,1548
zone5,1,R10,50,30,1.0,1549
zone5,1,R10,50,60,1.0,1028
zone5,1,R10,50,100,1.0,877
zone5,1,R20,10,0,1.0,123
zone5,1,R20,10,10,1.0,89
zone5,1,R20,10,30,1.0,107
zone5,1,R20,10,60,1.0,42
zone5,1,R20,10,100,1.0,36
zone5,1,R20,20,0,1.0,1
zone5,1,R20,20,10,1.0,1
zone5,1,R20,20,30,1.0,1
zone5,1,R20,30,0,1.0,2
zone5,1,R20,30,30,1.0,1
zone5,1,R20,50,0,1.0,1267
zone5,1,R20,50,10,1.0,1605
zone5,1,R20,50,30,1.0,1518
zone5,1,R20,50,60,1.0,1041
zone5,1,R20,50,100,1.0,766
zone5,2,R01,10,0,1.0,572
zone5,2,R01,10,10,1.0,562
zone5,2,R01,10,30,1.0,589
zone5,2,R01,10,60,1.0,358
zone5,2,R01,10,100,1.0,230
zone5,2,R01,20,0,1.0,10
zone5,2,R01,20,10,1.0,3
zone5,2,R01,20,30,1.0,1
zone5,2,R01,30,0,1.0,9
zone5,2,R01,30,10,1.0,2
zone5,2,R01,30,30,1.0,1
zone5,2,R01,30,60,1.0,1
zone5,2,R01,30,100,1.0,1
zone5,2,R01,50,0,1.0,919
zone5,2,R01,50,10,1.0,892
zone5,2,R01,50,30,1.0,1076
zone5,2,R01,50,60,1.0,820
zone5,2,R01,50,100,1.0,554
zone5,2,R02,10,0,1.0,338
zone5,2,R02,10,10,1.0,342
zone5,2,R02,10,30,1.0,284
zone5,2,R02,10,60,1.0,162
zone5,2,R02,10,100,1.0,81
zone5,2,R02,20,0,1.0,7
zone5,2,R02,20,10,1.0,1
zone5,2,R02,30,0,1.0,5
zone5,2,R02,30,100,1.0,1
zone5,2,R02,50,0,1.0,1145
zone5,2,R02,50,10,1.0,1188
zone5,2,R02,50,30,1.0,1299
zone5,2,R02,50,60,1.0,963
zone5,2,R02,50,100,1.0,784
zone5,2,R05P6179775281,10,0,1.0,134
zone5,2,R05P6179775281,10,10,1.0,102
zone5,2,R05P6179775281,10,30,1.0,79
zone5,2,R05P6179775281,10,60,1.0,36
zone5,2,R05P6179775281,10,100,1.0,20
zone5,2,R05P6179775281,20,0,1.0,1
zone5,2,R05P6179775281,20,60,1.0,2
zone5,2,R05P6179775281,30,0,1.0,1
zone5,2,R05P6179775281,30,10,1.0,1
zone5,2,R05P6179775281,30,100,1.0,1
zone5,2,R05P6179775281,50,0,1.0,1245
zone5,2,R05P6179775281,50,10,1.0,1482
zone5,2,R05P6179775281,50,30,1.0,1586
zone5,2,R05P6179775281,50,60,1.0,1052
zone5,2,R05P6179775281,50,100,1.0,858
zone5,2,R10,10,0,1.0,113
zone5,2,R10,10,10,1.0,69
zone5,2,R10,10,30,1.0,70
zone5,2,R10,10,60,1.0,24
zone5,2,R10,10,100,1.0,16
zone5,2,R10,20,0,1.0,3
zone5,2,R10,30,0,1.0,1
zone5,2,R10,30,10,1.0,1
zone5,2,R10,30,30,1.0,1
zone5,2,R10,50,0,1.0,1237
zone5,2,R10,50,10,1.0,1565
zone5,2,R10,50,30,1.0,1634
zone5,2,R10,50,60,1.0,1018
zone5,2,R10,50,100,1.0,848
zone5,2,R20,10,0,1.0,115
zone5,2,R20,10,10,1.0,109
zone5,2,R20,10,30,1.0,102
zone5,2,R20,10,60,1.0,36
zone5,2,R20,10,100,1.0,40
zone5,2,R20,20,0,1.0,3
zone5,2,R20,20,10,1.0,4
zone5,2,R20,30,0,1.0,4
zone5,2,R20,30,10,1.0,2
zone5,2,R20,30,30,1.0,1
zone5,2,R20,50,0,1.0,1246
zone5,2,R20,50,10,1.0,1593
zone5,2,R20,50,30,1.0,1570
zone5,2,R20,50,60,1.0,977
zone5,2,R20,50,100,1.0,798
zone6,0,R01,10,0,1.0,568
zone6,0,R01,10,10,1.0,590
zone6,0,R01,10,30,1.0,633
zone6,0,R01,10,60,1.0,475
zone6,0,R01,10,100,1.0,307
zone6,0,R01,20,0,1.0,7
zone6,0,R01,20,10,1.0,2
zone6,0,R01,20,30,1.0,1
zone6,0,R01,30,0,1.0,16
zone6,0,R01,30,30,1.0,2
zone6,0,R01,30,100,1.0,2
zone6,0,R01,50,0,1.0,904
zone6,0,R01,50,10,1.0,823
zone6,0,R01,50,30,1.0,979
zone6,0,R01,50,60,1.0,767
zone6,0,R01,50,100,1.0,524
zone6,0,R02,10,0,1.0,323
zone6,0,R02,10,10,1.0,348
zone6,0,R02,10,30,1.0,328
zone6,0,R02,10,60,1.0,223
zone6,0,R02,10,100,1.0,150
zone6,0,R02,20,0,1.0,6
zone6,0,R02,30,0,1.0,5
zone6,0,R02,30,100,1.0,1
zone6,0,R02,50,0,1.0,1167
zone6,0,R02,50,10,1.0,1134
zone6,0,R02,50,30,1.0,1280
zone6,0,R02,50,60,1.0,927
zone6,0,R02,50,100,1.0,708
zone6,0,R05P6179775281,10,0,1.0,133
zone6,0,R05P6179775281,10,10,1.0,81
zone6,0,R05P6179775281,10,30,1.0,77
zone6,0,R05P6179775281,10,60,1.0,46
zone6,0,R05P6179775281,10,100,1.0,23
zone6,0,R05P6179775281,20,0,1.0,1
zone6,0,R05P6179775281,30,0,1.0,3
zone6,0,R05P6179775281,30,60,1.0,1
zone6,0,R05P6179775281,30,100,1.0,1
zone6,0,R05P6179775281,50,0,1.0,1300
zone6,0,R05P6179775281,50,10,1.0,1450
zone6,0,R05P6179775281,50,30,1.0,1679
zone6,0,R05P6179775281,50,60,1.0,975
zone6,0,R05P6179775281,50,100,1.0,830
zone6,0,R10,10,0,1.0,96
zone6,0,R10,10,10,1.0,79
zone6,0,R10,10,30,1.0,64
zone6,0,R10,10,60,1.0,35
zone6,0,R10,10,100,1.0,9
zone6,0,R10,20,0,1.0,1
zone6,0,R10,30,100,1.0,1
zone6,0,R10,50,0,1.0,1299
zone6,0,R10,50,10,1.0,1551
zone6,0,R10,50,30,1.0,1648
zone6,0,R10,50,60,1.0,1014
zone6,0,R10,50,100,1.0,803
zone6,0,R20,10,0,1.0,116
zone6,0,R20,10,10,1.0,95
zone6,0,R20,10,30,1.0,90
zone6,0,R20,10,60,1.0,60
zone6,0,R20,10,100,1.0,21
zone6,0,R20,20,10,1.0,2
zone6,0,R20,30,10,1.0,1
zone6,0,R20,30,60,1.0,1
zone6,0,R20,30,100,1.0,1
zone6,0,R20,50,0,1.0,1278
zone6,0,R20,50,10,1.0,1609
zone6,0,R20,50,30,1.0,1576
zone6,0,R20,50,60,1.0,1021
zone6,0,R20,50,100,1.0,729
zone6,1,R01,10,0,1.0,538
zone6,1,R01,10,10,1.0,586
zone6,1,R01,10,30,1.0,593
zone6,1,R01,10,60,1.0,440
zone6,1,R01,10,100,1.0,252
zone6,1,R01,20,0,1.0,11
zone6,1,R01,20,10,1.0,4
zone6,1,R01,20,30,1.0,1
zone6,1,R01,30,0,1.0,15
zone6,1,R01,30,30,1.0,1
zone6,1,R01,30,100,1.0,2
zone6,1,R01,50,0,1.0,935
zone6,1,R01,50,10,1.0,880
zone6,1,R01,50,30,1.0,1027
zone6,1,R01,50,60,1.0,758
zone6,1,R01,50,100,1.0,557
zone6,1,R02,10,0,1.0,308
zone6,1,R02,10,10,1.0,338
zone6,1,R02,10,30,1.0,284
zone6,1,R02,10,60,1.0,199
zone6,1,R02,10,100,1.0,129
zone6,1,R02,20,0,1.0,7
zone6,1,R02,20,10,1.0,1
zone6,1,R02,30,0,1.0,5
zone6,1,R02,30,100,1.0,1
zone6,1,R02,50,0,1.0,1192
zone6,1,R02,50,10,1.0,1179
zone6,1,R02,50,30,1.0,1329
zone6,1,R02,50,60,1.0,930
zone6,1,R02,50,100,1.0,698
zone6,1,R05P6179775281,10,0,1.0,130
zone6,1,R05P6179775281,10,10,1.0,77
zone6,1,R05P6179775281,10,30,1.0,74
zone6,1,R05P6179775281,10,60,1.0,50
zone6,1,R05P6179775281,10,100,1.0,25
zone6,1,R05P6179775281,20,30,1.0,1
zone6,1,R05P6179775281,30,0,1.0,2
zone6,1,R05P6179775281,30,60,1.0,1
zone6,1,R05P6179775281,30,100,1.0,1
zone6,1,R05P6179775281,50,0,1.0,1308
zone6,1,R05P6179775281,50,10,1.0,1487
zone6,1,R05P6179775281,50,30,1.0,1653
zone6,1,R05P6179775281,50,60,1.0,960
zone6,1,R05P6179775281,50,100,1.0,831
zone6,1,R10,10,0,1.0,103
zone6,1,R10,10,10,1.0,70
zone6,1,R10,10,30,1.0,56
zone6,1,R10,10,60,1.0,36
zone6,1,R10,10,100,1.0,14
zone6,1,R10,20,30,1.0,1
zone6,1,R10,30,100,1.0,1
zone6,1,R10,50,0,1.0,1325
zone6,1,R10,50,10,1.0,1541
zone6,1,R10,50,30,1.0,1645
zone6,1,R10,50,60,1.0,1009
zone6,1,R10,50,100,1.0,799
zone6,1,R20,10,0,1.0,113
zone6,1,R20,10,10,1.0,103
zone6,1,R20,10,30,1.0,91
zone6,1,R20,10,60,1.0,64
zone6,1,R20,10,100,1.0,23
zone6,1,R20,20,0,1.0,2
zone6,1,R20,20,10,1.0,1
zone6,1,R20,20,30,1.0,1
zone6,1,R20,30,10,1.0,1
zone6,1,R20,30,60,1.0,1
zone6,1,R20,30,100,1.0,1
zone6,1,R20,50,0,1.0,1254
zone6,1,R20,50,10,1.0,1626
zone6,1,R20,50,30,1.0,1544
zone6,1,R20,50,60,1.0,1018
zone6,1,R20,50,100,1.0,757
zone6,2,R01,10,0,1.0,599
zone6,2,R01,10,10,1.0,597
zone6,2,R01,10,30,1.0,593
zone6,2,R01,10,60,1.0,409
zone6,2,R01,10,100,1.0,234
zone6,2,R01,20,0,1.0,10
zone6,2,R01,20,10,1.0,4
zone6,2,R01,20,30,1.0,1
zone6,2,R01,20,60,1.0,1
zone6,2,R01,30,0,1.0,16
zone6,2,R01,30,30,1.0,2
zone6,2,R01,30,60,1.0,1
zone6,2,R01,30,100,1.0,2
zone6,2,R01,50,0,1.0,903
zone6,2,R01,50,10,1.0,875
zone6,2,R01,50,30,1.0,1009
zone6,2,R01,50,60,1.0,841
zone6,2,R01,50,100,1.0,503
zone6,2,R02,10,0,1.0,330
zone6,2,R02,10,10,1.0,355
zone6,2,R02,10,30,1.0,312
zone6,2,R02,10,60,1.0,166
zone6,2,R02,10,100,1.0,92
zone6,2,R02,20,0,1.0,6
zone6,2,R02,20,10,1.0,1
zone6,2,R02,20,60,1.0,1
zone6,2,R02,30,0,1.0,4
zone6,2,R02,30,100,1.0,2
zone6,2,R02,50,0,1.0,1183
zone6,2,R02,50,10,1.0,1162
zone6,2,R02,50,30,1.0,1326
zone6,2,R02,50,60,1.0,950
zone6,2,R02,50,100,1.0,710
zone6,2,R05P6179775281,10,0,1.0,134
zone6,2,R05P6179775281,10,10,1.0,85
zone6,2,R05P6179775281,10,30,1.0,82
zone6,2,R05P6179775281,10,60,1.0,52
zone6,2,R05P6179775281,10,100,1.0,27
zone6,2,R05P6179775281,20,0,1.0,3
zone6,2,R05P6179775281,30,0,1.0,2
zone6,2,R05P6179775281,30,60,1.0,1
zone6,2,R05P6179775281,30,100,1.0,2
zone6,2,R05P6179775281,50,0,1.0,1289
zone6,2,R05P6179775281,50,10,1.0,1462
zone6,2,R05P6179775281,50,30,1.0,1687
zone6,2,R05P6179775281,50,60,1.0,971
zone6,2,R05P6179775281,50,100,1.0,803
zone6,2,R10,10,0,1.0,93
zone6,2,R10,10,10,1.0,86
zone6,2,R10,10,30,1.0,50
zone6,2,R10,10,60,1.0,40
zone6,2,R10,10,100,1.0,11
zone6,2,R10,20,0,1.0,3
zone6,2,R10,30,0,1.0,1
zone6,2,R10,30,100,1.0,1
zone6,2,R10,50,0,1.0,1296
zone6,2,R10,50,10,1.0,1546
zone6,2,R10,50,30,1.0,1656
zone6,2,R10,50,60,1.0,1021
zone6,2,R10,50,100,1.0,796
zone6,2,R20,10,0,1.0,104
zone6,2,R20,10,10,1.0,112
zone6,2,R20,10,30,1.0,98
zone6,2,R20,10,60,1.0,65
zone6,2,R20,10,100,1.0,30
zone6,2,R20,20,0,1.0,2
zone6,2,R20,20,10,1.0,1
zone6,2,R20,30,10,1.0,3
zone6,2,R20,30,60,1.0,1
zone6,2,R20,30,100,1.0,1
zone6,2,R20,50,0,1.0,1265
zone6,2,R20,50,10,1.0,1591
zone6,2,R20,50,30,1.0,1577
zone6,2,R20,50,60,1.0,971
zone6,2,R20,50,100,1.0,779
zone7,0,R01,10,0,1.0,449
zone7,0,R01,10,10,1.0,471
zone7,0,R01,10,30,1.0,534
zone7,0,R01,10,60,1.0,381
zone7,0,R01,10,100,1.0,206
zone7,0,R01,20,0,1.0,6
zone7,0,R01,20,10,1.0,3
zone7,0,R01,20,30,1.0,2
zone7,0,R01,30,0,1.0,10
zone7,0,R01,30,100,1.0,2
zone7,0,R01,50,0,1.0,1006
zone7,0,R01,50,10,1.0,985
zone7,0,R01,50,30,1.0,1159
zone7,0,R01,50,60,1.0,830
zone7,0,R01,50,100,1.0,556
zone7,0,R02,10,0,1.0,227
zone7,0,R02,10,10,1.0,264
zone7,0,R02,10,30,1.0,261
zone7,0,R02,10,60,1.0,160
zone7,0,R02,10,100,1.0,105
zone7,0,R02,20,0,1.0,7
zone7,0,R02,20,10,1.0,1
zone7,0,R02,30,0,1.0,7
zone7,0,R02,30,60,1.0,1
zone7,0,R02,30,100,1.0,1
zone7,0,R02,50,0,1.0,1249
zone7,0,R02,50,10,1.0,1226
zone7,0,R02,50,30,1.0,1444
zone7,0,R02,50,60,1.0,920
zone7,0,R02,50,100,1.0,727
zone7,0,R05P6179775281,10,0,1.0,78
zone7,0,R05P6179775281,10,10,1.0,92
zone7,0,R05P6179775281,10,30,1.0,77
zone7,0,R05P6179775281,10,60,1.0,31
zone7,0,R05P6179775281,10,100,1.0,24
zone7,0,R05P6179775281,20,0,1.0,1
zone7,0,R05P6179775281,20,10,1.0,1
zone7,0,R05P6179775281,30,0,1.0,2
zone7,0,R05P6179775281,30,10,1.0,1
zone7,0,R05P6179775281,50,0,1.0,1293
zone7,0,R05P6179775281,50,10,1.0,1582
zone7,0,R05P6179775281,50,30,1.0,1597
zone7,0,R05P6179775281,50,60,1.0,995
zone7,0,R05P6179775281,50,100,1.0,826
zone7,0,R10,10,0,1.0,91
zone7,0,R10,10,10,1.0,89
zone7,0,R10,10,30,1.0,59
zone7,0,R10,10,60,1.0,30
zone7,0,R10,10,100,1.0,12
zone7,0,R10,20,0,1.0,2
zone7,0,R10,20,60,1.0,1
zone7,0,R10,30,0,1.0,2
zone7,0,R10,50,0,1.0,1223
zone7,0,R10,50,10,1.0,1661
zone7,0,R10,50,30,1.0,1597
zone7,0,R10,50,60,1.0,1037
zone7,0,R10,50,100,1.0,796
zone7,0,R20,10,0,1.0,118
zone7,0,R20,10,10,1.0,108
zone7,0,R20,10,30,1.0,103
zone7,0,R20,10,60,1.0,29
zone7,0,R20,10,100,1.0,29
zone7,0,R20,20,0,1.0,5
zone7,0,R20,20,10,1.0,2
zone7,0,R20,30,0,1.0,4
zone7,0,R20,50,0,1.0,1207
zone7,0,R20,50,10,1.0,1611
zone7,0,R20,50,30,1.0,1605
zone7,0,R20,50,60,1.0,1022
zone7,0,R20,50,100,1.0,757
zone7,1,R01,10,0,1.0,456
zone7,1,R01,10,10,1.0,494
zone7,1,R01,10,30,1.0,471
zone7,1,R01,10,60,1.0,348
zone7,1,R01,10,100,1.0,166
zone7,1,R01,20,0,1.0,10
zone7,1,R01,20,10,1.0,2
zone7,1,R01,20,30,1.0,2
zone7,1,R01,20,60,1.0,1
zone7,1,R01,30,0,1.0,11
zone7,1,R01,30,10,1.0,1
zone7,1,R01,30,30,1.0,1
zone7,1,R01,30,100,1.0,2
zone7,1,R01,50,0,1.0,1065
zone7,1,R01,50,10,1.0,1067
zone7,1,R01,50,30,1.0,1133
zone7,1,R01,50,60,1.0,795
zone7,1,R01,50,100,1.0,575
zone7,1,R02,10,0,1.0,249
zone7,1,R02,10,10,1.0,251
zone7,1,R02,10,30,1.0,250
zone7,1,R02,10,60,1.0,140
zone7,1,R02,10,100,1.0,89
zone7,1,R02,20,0,1.0,7
zone7,1,R02,20,10,1.0,1
zone7,1,R02,30,0,1.0,5
zone7,1,R02,30,10,1.0,2
zone7,1,R02,30,60,1.0,1
zone7,1,R02,30,100,1.0,1
zone7,1,R02,50,0,1.0,1299
zone7,1,R02,50,10,1.0,1284
zone7,1,R02,50,30,1.0,1427
zone7,1,R02,50,60,1.0,875
zone7,1,R02,50,100,1.0,719
zone7,1,R05P6179775281,10,0,1.0,84
zone7,1,R05P6179775281,10,10,1.0,92
zone7,1,R05P6179775281,10,30,1.0,71
zone7,1,R05P6179775281,10,60,1.0,29
zone7,1,R05P6179775281,10,100,1.0,17
zone7,1,R05P6179775281,20,0,1.0,1
zone7,1,R05P6179775281,20,10,1.0,1
zone7,1,R05P6179775281,30,0,1.0,1
zone7,1,R05P6179775281,50,0,1.0,1308
zone7,1,R05P6179775281,50,10,1.0,1578
zone7,1,R05P6179775281,50,30,1.0,1640
zone7,1,R05P6179775281,50,60,1.0,942
zone7,1,R05P6179775281,50,100,1.0,836
zone7,1,R10,10,0,1.0,98
zone7,1,R10,10,10,1.0,76
zone7,1,R10,10,30,1.0,62
zone7,1,R10,10,60,1.0,35
zone7,1,R10,10,100,1.0,19
zone7,1,R10,20,0,1.0,1
zone7,1,R10,20,60,1.0,1
zone7,1,R10,30,0,1.0,1
zone7,1,R10,50,0,1.0,1289
zone7,1,R10,50,10,1.0,1616
zone7,1,R10,50,30,1.0,1646
zone7,1,R10,50,60,1.0,946
zone7,1,R10,50,100,1.0,810
zone7,1,R20,10,0,1.0,129
zone7,1,R20,10,10,1.0,116
zone7,1,R20,10,30,1.0,107
zone7,1,R20,10,60,1.0,34
zone7,1,R20,10,100,1.0,39
zone7,1,R20,20,0,1.0,4
zone7,1,R20,20,10,1.0,2
zone7,1,R20,30,0,1.0,4
zone7,1,R20,50,0,1.0,1208
zone7,1,R20,50,10,1.0,1606
zone7,1,R20,50,30,1.0,1627
zone7,1,R20,50,60,1.0,950
zone7,1,R20,50,100,1.0,774
zone7,2,R01,10,0,1.0,507
zone7,2,R01,10,10,1.0,442
zone7,2,R01,10,30,1.0,455
zone7,2,R01,10,60,1.0,380
zone7,2,R01,10,100,1.0,188
zone7,2,R01,20,0,1.0,5
zone7,2,R01,20,10,1.0,2
zone7,2,R01,20,30,1.0,2
zone7,2,R01,30,0,1.0,12
zone7,2,R01,30,30,1.0,1
zone7,2,R01,30,100,1.0,2
zone7,2,R01,50,0,1.0,983
zone7,2,R01,50,10,1.0,1027
zone7,2,R01,50,30,1.0,1153
zone7,2,R01,50,60,1.0,814
zone7,2,R01,50,100,1.0,627
zone7,2,R02,10,0,1.0,273
zone7,2,R02,10,10,1.0,250
zone7,2,R02,10,30,1.0,234
zone7,2,R02,10,60,1.0,142
zone7,2,R02,10,100,1.0,89
zone7,2,R02,20,0,1.0,6
zone7,2,R02,30,0,1.0,7
zone7,2,R02,30,60,1.0,1
zone7,2,R02,30,100,1.0,1
zone7,2,R02,50,0,1.0,1216
zone7,2,R02,50,10,1.0,1266
zone7,2,R02,50,30,1.0,1403
zone7,2,R02,50,60,1.0,927
zone7,2,R02,50,100,1.0,785
zone7,2,R05P6179775281,10,0,1.0,117
zone7,2,R05P6179775281,10,10,1.0,80
zone7,2,R05P6179775281,10,30,1.0,65
zone7,2,R05P6179775281,10,60,1.0,28
zone7,2,R05P6179775281,10,100,1.0,13
zone7,2,R05P6179775281,20,10,1.0,1
zone7,2,R05P6179775281,30,0,1.0,1
zone7,2,R05P6179775281,30,10,1.0,1
zone7,2,R05P6179775281,50,0,1.0,1290
zone7,2,R05P6179775281,50,10,1.0,1550
zone7,2,R05P6179775281,50,30,1.0,1563
zone7,2,R05P6179775281,50,60,1.0,1010
zone7,2,R05P6179775281,50,100,1.0,881
zone7,2,R10,10,0,1.0,104
zone7,2,R10,10,10,1.0,75
zone7,2,R10,10,30,1.0,57
zone7,2,R10,10,60,1.0,36
zone7,2,R10,10,100,1.0,10
zone7,2,R10,20,60,1.0,1
zone7,2,R10,30,0,1.0,1
zone7,2,R10,30,60,1.0,1
zone7,2,R10,50,0,1.0,1254
zone7,2,R10,50,10,1.0,1633
zone7,2,R10,50,30,1.0,1581
zone7,2,R10,50,60,1.0,982
zone7,2,R10,50,100,1.0,865
zone7,2,R20,10,0,1.0,134
zone7,2,R20,10,10,1.0,121
zone7,2,R20,10,30,1.0,107
zone7,2,R20,10,60,1.0,31
zone7,2,R20,10,100,1.0,30
zone7,2,R20,20,0,1.0,1
zone7,2,R20,20,10,1.0,1
zone7,2,R20,30,0,1.0,3
zone7,2,R20,30,10,1.0,1
zone7,2,R20,30,60,1.0,1
zone7,2,R20,50,0,1.0,1226
zone7,2,R20,50,10,1.0,1577
zone7,2,R20,50,30,1.0,1578
zone7,2,R20,50,60,1.0,943
zone7,2,R20,50,100,1.0,846
zone8,0,R01,10,0,1.0,547
zone8,0,R01,10,10,1.0,460
zone8,0,R01,10,30,1.0,510
zone8,0,R01,10,60,1.0,356
zone8,0,R01,10,100,1.0,173
zone8,0,R01,20,0,1.0,6
zone8,0,R01,20,10,1.0,1
zone8,0,R01,20,60,1.0,2
zone8,0,R01,30,0,1.0,16
zone8,0,R01,30,60,1.0,1
zone8,0,R01,30,100,1.0,3
zone8,0,R01,50,0,1.0,994
zone8,0,R01,50,10,1.0,986
zone8,0,R01,50,30,1.0,1160
zone8,0,R01,50,60,1.0,801
zone8,0,R01,50,100,1.0,584
zone8,0,R02,10,0,1.0,306
zone8,0,R02,10,10,1.0,279
zone8,0,R02,10,30,1.0,252
zone8,0,R02,10,60,1.0,144
zone8,0,R02,10,100,1.0,76
zone8,0,R02,20,0,1.0,7
zone8,0,R02,20,10,1.0,1
zone8,0,R02,30,0,1.0,9
zone8,0,R02,30,100,1.0,2
zone8,0,R02,50,0,1.0,1244
zone8,0,R02,50,10,1.0,1277
zone8,0,R02,50,30,1.0,1346
zone8,0,R02,50,60,1.0,949
zone8,0,R02,50,100,1.0,708
zone8,0,R05P6179775281,10,0,1.0,110
zone8,0,R05P6179775281,10,10,1.0,93
zone8,0,R05P6179775281,10,30,1.0,85
zone8,0,R05P6179775281,10,60,1.0,39
zone8,0,R05P6179775281,10,100,1.0,19
zone8,0,R05P6179775281,20,0,1.0,1
zone8,0,R05P6179775281,20,60,1.0,1
zone8,0,R05P6179775281,30,0,1.0,2
zone8,0,R05P6179775281,30,30,1.0,2
zone8,0,R05P6179775281,30,100,1.0,1
zone8,0,R05P6179775281,50,0,1.0,1341
zone8,0,R05P6179775281,50,10,1.0,1586
zone8,0,R05P6179775281,50,30,1.0,1579
zone8,0,R05P6179775281,50,60,1.0,926
zone8,0,R05P6179775281,50,100,1.0,815
zone8,0,R10,10,0,1.0,135
zone8,0,R10,10,10,1.0,73
zone8,0,R10,10,30,1.0,71
zone8,0,R10,10,60,1.0,31
zone8,0,R10,10,100,1.0,13
zone8,0,R10,20,0,1.0,2
zone8,0,R10,20,30,1.0,1
zone8,0,R10,30,0,1.0,1
zone8,0,R10,30,10,1.0,1
zone8,0,R10,30,30,1.0,2
zone8,0,R10,50,0,1.0,1309
zone8,0,R10,50,10,1.0,1634
zone8,0,R10,50,30,1.0,1550
zone8,0,R10,50,60,1.0,1000
zone8,0,R10,50,100,1.0,777
zone8,0,R20,10,0,1.0,160
zone8,0,R20,10,10,1.0,111
zone8,0,R20,10,30,1.0,99
zone8,0,R20,10,60,1.0,37
zone8,0,R20,10,100,1.0,29
zone8,0,R20,20,0,1.0,3
zone8,0,R20,20,10,1.0,1
zone8,0,R20,30,0,1.0,1
zone8,0,R20,30,30,1.0,2
zone8,0,R20,50,0,1.0,1276
zone8,0,R20,50,10,1.0,1633
zone8,0,R20,50,30,1.0,1512
zone8,0,R20,50,60,1.0,992
zone8,0,R20,50,100,1.0,744
zone8,1,R01,10,0,1.0,518
zone8,1,R01,10,10,1.0,459
zone8,1,R01,10,30,1.0,476
zone8,1,R01,10,60,1.0,327
zone8,1,R01,10,100,1.0,166
zone8,1,R01,20,0,1.0,10
zone8,1,R01,20,60,1.0,3
zone8,1,R01,30,0,1.0,13
zone8,1,R01,30,10,1.0,2
zone8,1,R01,30,60,1.0,2
zone8,1,R01,30,100,1.0,2
zone8,1,R01,50,0,1.0,1018
zone8,1,R01,50,10,1.0,1026
zone8,1,R01,50,30,1.0,1183
zone8,1,R01,50,60,1.0,794
zone8,1,R01,50,100,1.0,601
zone8,1,R02,10,0,1.0,301
zone8,1,R02,10,10,1.0,259
zone8,1,R02,10,30,1.0,239
zone8,1,R02,10,60,1.0,138
zone8,1,R02,10,100,1.0,71
zone8,1,R02,20,0,1.0,6
zone8,1,R02,30,0,1.0,8
zone8,1,R02,30,60,1.0,1
zone8,1,R02,30,100,1.0,2
zone8,1,R02,50,0,1.0,1276
zone8,1,R02,50,10,1.0,1278
zone8,1,R02,50,30,1.0,1329
zone8,1,R02,50,60,1.0,945
zone8,1,R02,50,100,1.0,747
zone8,1,R05P6179775281,10,0,1.0,108
zone8,1,R05P6179775281,10,10,1.0,92
zone8,1,R05P6179775281,10,30,1.0,68
zone8,1,R05P6179775281,10,60,1.0,32
zone8,1,R05P6179775281,10,100,1.0,17
zone8,1,R05P6179775281,20,0,1.0,1
zone8,1,R05P6179775281,20,60,1.0,1
zone8,1,R05P6179775281,30,0,1.0,2
zone8,1,R05P6179775281,30,30,1.0,2
zone8,1,R05P6179775281,30,100,1.0,1
zone8,1,R05P6179775281,50,0,1.0,1333
zone8,1,R05P6179775281,50,10,1.0,1537
zone8,1,R05P6179775281,50,30,1.0,1542
zone8,1,R05P6179775281,50,60,1.0,973
zone8,1,R05P6179775281,50,100,1.0,891
zone8,1,R10,10,0,1.0,120
zone8,1,R10,10,10,1.0,75
zone8,1,R10,10,30,1.0,73
zone8,1,R10,10,60,1.0,39
zone8,1,R10,10,100,1.0,12
zone8,1,R10,20,0,1.0,2
zone8,1,R10,20,30,1.0,1
zone8,1,R10,30,0,1.0,1
zone8,1,R10,30,10,1.0,1
zone8,1,R10,30,30,1.0,1
zone8,1,R10,50,0,1.0,1324
zone8,1,R10,50,10,1.0,1562
zone8,1,R10,50,30,1.0,1496
zone8,1,R10,50,60,1.0,1023
zone8,1,R10,50,100,1.0,870
zone8,1,R20,10,0,1.0,147
zone8,1,R20,10,10,1.0,93
zone8,1,R20,10,30,1.0,98
zone8,1,R20,10,60,1.0,42
zone8,1,R20,10,100,1.0,29
zone8,1,R20,20,10,1.0,1
zone8,1,R20,30,0,1.0,2
zone8,1,R20,30,30,1.0,1
zone8,1,R20,50,0,1.0,1252
zone8,1,R20,50,10,1.0,1585
zone8,1,R20,50,30,1.0,1511
zone8,1,R20,50,60,1.0,1036
zone8,1,R20,50,100,1.0,803
zone8,2,R01,10,0,1.0,586
zone8,2,R01,10,10,1.0,467
zone8,2,R01,10,30,1.0,454
zone8,2,R01,10,60,1.0,361
zone8,2,R01,10,100,1.0,152
zone8,2,R01,20,0,1.0,9
zone8,2,R01,20,60,1.0,2
zone8,2,R01,30,0,1.0,13
zone8,2,R01,30,10,1.0,1
zone8,2,R01,30,60,1.0,1
zone8,2,R01,30,100,1.0,2
zone8,2,R01,50,0,1.0,959
zone8,2,R01,50,10,1.0,1026
zone8,2,R01,50,30,1.0,1189
zone8,2,R01,50,60,1.0,796
zone8,2,R01,50,100,1.0,582
zone8,2,R02,10,0,1.0,328
zone8,2,R02,10,10,1.0,284
zone8,2,R02,10,30,1.0,235
zone8,2,R02,10,60,1.0,131
zone8,2,R02,10,100,1.0,75
zone8,2,R02,20,0,1.0,7
zone8,2,R02,30,0,1.0,8
zone8,2,R02,30,100,1.0,2
zone8,2,R02,50,0,1.0,1205
zone8,2,R02,50,10,1.0,1295
zone8,2,R02,50,30,1.0,1339
zone8,2,R02,50,60,1.0,941
zone8,2,R02,50,100,1.0,750
zone8,2,R05P6179775281,10,0,1.0,137
zone8,2,R05P6179775281,10,10,1.0,93
zone8,2,R05P6179775281,10,30,1.0,84
zone8,2,R05P6179775281,10,60,1.0,37
zone8,2,R05P6179775281,10,100,1.0,15
zone8,2,R05P6179775281,20,0,1.0,1
zone8,2,R05P6179775281,20,60,1.0,1
zone8,2,R05P6179775281,30,0,1.0,1
zone8,2,R05P6179775281,30,30,1.0,1
zone8,2,R05P6179775281,30,100,1.0,1
zone8,2,R05P6179775281,50,0,1.0,1312
zone8,2,R05P6179775281,50,10,1.0,1565
zone8,2,R05P6179775281,50,30,1.0,1535
zone8,2,R05P6179775281,50,60,1.0,968
zone8,2,R05P6179775281,50,100,1.0,849
zone8,2,R10,10,0,1.0,141
zone8,2,R10,10,10,1.0,60
zone8,2,R10,10,30,1.0,80
zone8,2,R10,10,60,1.0,38
zone8,2,R10,10,100,1.0,8
zone8,2,R10,20,30,1.0,1
zone8,2,R10,30,30,1.0,1
zone8,2,R10,50,0,1.0,1300
zone8,2,R10,50,10,1.0,1635
zone8,2,R10,50,30,1.0,1494
zone8,2,R10,50,60,1.0,989
zone8,2,R10,50,100,1.0,853
zone8,2,R20,10,0,1.0,154
zone8,2,R20,10,10,1.0,102
zone8,2,R20,10,30,1.0,98
zone8,2,R20,10,60,1.0,39
zone8,2,R20,10,100,1.0,27
zone8,2,R20,20,10,1.0,1
zone8,2,R20,30,30,1.0,1
zone8,2,R20,30,60,1.0,1
zone8,2,R20,50,0,1.0,1261
zone8,2,R20,50,10,1.0,1628
zone8,2,R20,50,30,1.0,1485
zone8,2,R20,50,60,1.0,986
zone8,2,R20,50,100,1.0,817
zone9,0,R01,10,0,1.0,659
zone9,0,R01,10,10,1.0,559
zone9,0,R01,10,30,1.0,604
zone9,0,R01,10,60,1.0,419
zone9,0,R01,10,100,1.0,222
zone9,0,R01,20,0,1.0,9
zone9,0,R01,20,10,1.0,1
zone9,0,R01,20,30,1.0,1
zone9,0,R01,20,100,1.0,1
zone9,0,R01,30,0,1.0,21
zone9,0,R01,30,30,1.0,3
zone9,0,R01,50,0,1.0,928
zone9,0,R01,50,10,1.0,901
zone9,0,R01,50,30,1.0,1052
zone9,0,R01,50,60,1.0,759
zone9,0,R01,50,100,1.0,461
zone9,0,R02,10,0,1.0,393
zone9,0,R02,10,10,1.0,346
zone9,0,R02,10,30,1.0,301
zone9,0,R02,10,60,1.0,198
zone9,0,R02,10,100,1.0,117
zone9,0,R02,20,0,1.0,5
zone9,0,R02,20,100,1.0,1
zone9,0,R02,30,0,1.0,8
zone9,0,R02,50,0,1.0,1197
zone9,0,R02,50,10,1.0,1214
zone9,0,R02,50,30,1.0,1259
zone9,0,R02,50,60,1.0,889
zone9,0,R02,50,100,1.0,672
zone9,0,R05P6179775281,10,0,1.0,148
zone9,0,R05P6179775281,10,10,1.0,123
zone9,0,R05P6179775281,10,30,1.0,85
zone9,0,R05P6179775281,10,60,1.0,38
zone9,0,R05P6179775281,10,100,1.0,21
zone9,0,R05P6179775281,20,10,1.0,2
zone9,0,R05P6179775281,20,100,1.0,1
zone9,0,R05P6179775281,30,0,1.0,4
zone9,0,R05P6179775281,50,0,1.0,1320
zone9,0,R05P6179775281,50,10,1.0,1562
zone9,0,R05P6179775281,50,30,1.0,1618
zone9,0,R05P6179775281,50,60,1.0,936
zone9,0,R05P6179775281,50,100,1.0,742
zone9,0,R10,10,0,1.0,123
zone9,0,R10,10,10,1.0,103
zone9,0,R10,10,30,1.0,77
zone9,0,R10,10,60,1.0,31
zone9,0,R10,10,100,1.0,13
zone9,0,R10,20,60,1.0,1
zone9,0,R10,30,0,1.0,1
zone9,0,R10,30,10,1.0,1
zone9,0,R10,50,0,1.0,1354
zone9,0,R10,50,10,1.0,1615
zone9,0,R10,50,30,1.0,1564
zone9,0,R10,50,60,1.0,1009
zone9,0,R10,50,100,1.0,708
zone9,0,R20,10,0,1.0,149
zone9,0,R20,10,10,1.0,102
zone9,0,R20,10,30,1.0,106
zone9,0,R20,10,60,1.0,44
zone9,0,R20,10,100,1.0,33
zone9,0,R20,20,10,1.0,1
zone9,0,R20,30,0,1.0,1
zone9,0,R20,30,10,1.0,2
zone9,0,R20,50,0,1.0,1343
zone9,0,R20,50,10,1.0,1610
zone9,0,R20,50,30,1.0,1530
zone9,0,R20,50,60,1.0,958
zone9,0,R20,50,100,1.0,721
zone9,1,R01,10,0,1.0,685
zone9,1,R01,10,10,1.0,537
zone9,1,R01,10,30,1.0,544
zone9,1,R01,10,60,1.0,405
zone9,1,R01,10,100,1.0,201
zone9,1,R01,20,0,1.0,15
zone9,1,R01,20,10,1.0,1
zone9,1,R01,20,30,1.0,1
zone9,1,R01,20,100,1.0,1
zone9,1,R01,30,0,1.0,17
zone9,1,R01,30,10,1.0,1
zone9,1,R01,30,30,1.0,2
zone9,1,R01,30,60,1.0,2
zone9,1,R01,30,100,1.0,1
zone9,1,R01,50,0,1.0,951
zone9,1,R01,50,10,1.0,954
zone9,1,R01,50,30,1.0,1043
zone9,1,R01,50,60,1.0,756
zone9,1,R01,50,100,1.0,483
zone9,1,R02,10,0,1.0,416
zone9,1,R02,10,10,1.0,352
zone9,1,R02,10,30,1.0,256
zone9,1,R02,10,60,1.0,203
zone9,1,R02,10,100,1.0,95
zone9,1,R02,20,0,1.0,7
zone9,1,R02,20,100,1.0,1
zone9,1,R02,30,0,1.0,6
zone9,1,R02,30,60,1.0,1
zone9,1,R02,50,0,1.0,1265
zone9,1,R02,50,10,1.0,1204
zone9,1,R02,50,30,1.0,1205
zone9,1,R02,50,60,1.0,891
zone9,1,R02,50,100,1.0,698
zone9,1,R05P6179775281,10,0,1.0,150
zone9,1,R05P6179775281,10,10,1.0,116
zone9,1,R05P6179775281,10,30,1.0,76
zone9,1,R05P6179775281,10,60,1.0,45
zone9,1,R05P6179775281,10,100,1.0,16
zone9,1,R05P6179775281,20,0,1.0,1
zone9,1,R05P6179775281,20,10,1.0,2
zone9,1,R05P6179775281,20,100,1.0,1
zone9,1,R05P6179775281,30,0,1.0,4
zone9,1,R05P6179775281,30,10,1.0,1
zone9,1,R05P6179775281,50,0,1.0,1418
zone9,1,R05P6179775281,50,10,1.0,1500
zone9,1,R05P6179775281,50,30,1.0,1518
zone9,1,R05P6179775281,50,60,1.0,937
zone9,1,R05P6179775281,50,100,1.0,815
zone9,1,R10,10,0,1.0,129
zone9,1,R10,10,10,1.0,85
zone9,1,R10,10,30,1.0,67
zone9,1,R10,10,60,1.0,38
zone9,1,R10,10,100,1.0,14
zone9,1,R10,20,10,1.0,1
zone9,1,R10,20,60,1.0,1
zone9,1,R10,30,0,1.0,2
zone9,1,R10,30,10,1.0,1
zone9,1,R10,50,0,1.0,1417
zone9,1,R10,50,10,1.0,1582
zone9,1,R10,50,30,1.0,1518
zone9,1,R10,50,60,1.0,987
zone9,1,R10,50,100,1.0,758
zone9,1,R20,10,0,1.0,159
zone9,1,R20,10,10,1.0,102
zone9,1,R20,10,30,1.0,104
zone9,1,R20,10,60,1.0,52
zone9,1,R20,10,100,1.0,36
zone9,1,R20,20,0,1.0,1
zone9,1,R20,20,10,1.0,1
zone9,1,R20,30,0,1.0,2
zone9,1,R20,30,10,1.0,1
zone9,1,R20,50,0,1.0,1359
zone9,1,R20,50,10,1.0,1602
zone9,1,R20,50,30,1.0,1458
zone9,1,R20,50,60,1.0,972
zone9,1,R20,50,100,1.0,751
zone9,2,R01,10,0,1.0,718
zone9,2,R01,10,10,1.0,547
zone9,2,R01,10,30,1.0,577
zone9,2,R01,10,60,1.0,363
zone9,2,R01,10,100,1.0,174
zone9,2,R01,20,0,1.0,17
zone9,2,R01,20,10,1.0,1
zone9,2,R01,20,30,1.0,1
zone9,2,R01,20,100,1.0,1
zone9,2,R01,30,0,1.0,19
zone9,2,R01,30,10,1.0,1
zone9,2,R01,30,30,1.0,2
zone9,2,R01,30,60,1.0,1
zone9,2,R01,50,0,1.0,912
zone9,2,R01,50,10,1.0,942
zone9,2,R01,50,30,1.0,1045
zone9,2,R01,50,60,1.0,788
zone9,2,R01,50,100,1.0,491
zone9,2,R02,10,0,1.0,414
zone9,2,R02,10,10,1.0,354
zone9,2,R02,10,30,1.0,276
zone9,2,R02,10,60,1.0,176
zone9,2,R02,10,100,1.0,82
zone9,2,R02,20,0,1.0,12
zone9,2,R02,20,100,1.0,1
zone9,2,R02,30,0,1.0,7
zone9,2,R02,50,0,1.0,1191
zone9,2,R02,50,10,1.0,1223
zone9,2,R02,50,30,1.0,1271
zone9,2,R02,50,60,1.0,876
zone9,2,R02,50,100,1.0,717
zone9,2,R05P6179775281,10,0,1.0,176
zone9,2,R05P6179775281,10,10,1.0,104
zone9,2,R05P6179775281,10,30,1.0,88
zone9,2,R05P6179775281,10,60,1.0,42
zone9,2,R05P6179775281,10,100,1.0,25
zone9,2,R05P6179775281,20,0,1.0,3
zone9,2,R05P6179775281,20,10,1.0,2
zone9,2,R05P6179775281,20,100,1.0,1
zone9,2,R05P6179775281,30,0,1.0,3
zone9,2,R05P6179775281,50,0,1.0,1311
zone9,2,R05P6179775281,50,10,1.0,1567
zone9,2,R05P6179775281,50,30,1.0,1562
zone9,2,R05P6179775281,50,60,1.0,913
zone9,2,R05P6179775281,50,100,1.0,803
zone9,2,R10,10,0,1.0,147
zone9,2,R10,10,10,1.0,114
zone9,2,R10,10,30,1.0,72
zone9,2,R10,10,60,1.0,31
zone9,2,R10,10,100,1.0,14
zone9,2,R10,20,0,1.0,6
zone9,2,R10,20,60,1.0,1
zone9,2,R10,30,0,1.0,3
zone9,2,R10,30,10,1.0,1
zone9,2,R10,50,0,1.0,1291
zone9,2,R10,50,10,1.0,1647
zone9,2,R10,50,30,1.0,1559
zone9,2,R10,50,60,1.0,935
zone9,2,R10,50,100,1.0,779
zone9,2,R20,10,0,1.0,168
zone9,2,R20,10,10,1.0,113
zone9,2,R20,10,30,1.0,114
zone9,2,R20,10,60,1.0,53
zone9,2,R20,10,100,1.0,34
zone9,2,R20,20,0,1.0,2
zone9,2,R20,20,10,1.0,2
zone9,2,R20,30,0,1.0,3
zone9,2,R20,30,10,1.0,1
zone9,2,R20,30,60,1.0,2
zone9,2,R20,50,0,1.0,1332
zone9,2,R20,50,10,1.0,1627
zone9,2,R20,50,30,1.0,1450
zone9,2,R20,50,60,1.0,933
zone9,2,R20,50,100,1.0,766
