zone,price_id,target_predictor,source_predictor,ERRF
zone1,R01,GBR,GBR,1.551900873822213
zone1,R01,GBR,MLP,1.567869270044637
zone1,R01,GBR,QRLSTM,1.5554066646965845
zone1,R01,GBR,Ridge,1.5539568871878169
zone1,R01,MLP,GBR,1.5016922388649536
zone1,R01,MLP,MLP,1.5159254788118581
zone1,R01,MLP,QRLSTM,1.5056701511892467
zone1,R01,MLP,Ridge,1.5106355369487132
zone1,R01,QRLSTM,GBR,1.4641030054992594
zone1,R01,QRLSTM,MLP,1.4855653669713924
zone1,R01,QRLSTM,QRLSTM,1.4622814906065806
zone1,R01,QRLSTM,Ridge,1.4681697413522512
zone1,R01,Ridge,GBR,1.542021882195848
zone1,R01,Ridge,MLP,1.5564832529853514
zone1,R01,Ridge,QRLSTM,1.5479963791574882
zone1,R01,Ridge,Ridge,1.5438539009610728
zone1,R02,GBR,GBR,1.7568711933674646
zone1,R02,GBR,MLP,1.770398127878928
zone1,R02,GBR,QRLSTM,1.7633632627802611
zone1,R02,GBR,Ridge,1.7578507453633747
zone1,R02,MLP,GBR,1.7629517678742026
zone1,R02,MLP,MLP,1.7739912317420363
zone1,R02,MLP,QRLSTM,1.7716301390422304
zone1,R02,MLP,Ridge,1.768555472184859
zone1,R02,QRLSTM,GBR,1.709144277273774
zone1,R02,QRLSTM,MLP,1.726595593402512
zone1,R02,QRLSTM,QRLSTM,1.7104842287387998
zone1,R02,QRLSTM,Ridge,1.7099043483569418
zone1,R02,Ridge,GBR,1.776913166292014
zone1,R02,Ridge,MLP,1.78934537011562
zone1,R02,Ridge,QRLSTM,1.786650825764429
zone1,R02,Ridge,Ridge,1.7778174894768435
zone1,R05P6179775281,GBR,GBR,2.4073999796777787
zone1,R05P6179775281,GBR,MLP,2.4240829828286605
zone1,R05P6179775281,GBR,QRLSTM,2.417634810542295
zone1,R05P6179775281,GBR,Ridge,2.415235146268094
zone1,R05P6179775281,MLP,GBR,2.562817179985091
zone1,R05P6179775281,MLP,MLP,2.5645440002324587
zone1,R05P6179775281,MLP,QRLSTM,2.5628102941081337
zone1,R05P6179775281,MLP,Ridge,2.5644079674108333
zone1,R05P6179775281,QRLSTM,GBR,2.471417128916472
zone1,R05P6179775281,QRLSTM,MLP,2.4762333645417107
zone1,R05P6179775281,QRLSTM,QRLSTM,2.4636635263651603
zone1,R05P6179775281,QRLSTM,Ridge,2.4722211404789913
zone1,R05P6179775281,Ridge,GBR,2.4960750318746325
zone1,R05P6179775281,Ridge,MLP,2.504563229939696
zone1,R05P6179775281,Ridge,QRLSTM,2.5041165007511688
zone1,R05P6179775281,Ridge,Ridge,2.4923618269266683
zone1,R10,GBR,GBR,3.0760910803336565
zone1,R10,GBR,MLP,3.0940710138196947
zone1,R10,GBR,QRLSTM,3.0790637751984495
zone1,R10,GBR,Ridge,3.0915795152229357
zone1,R10,MLP,GBR,3.3639349566428876
zone1,R10,MLP,MLP,3.369392210729466
zone1,R10,MLP,QRLSTM,3.360638006905343
zone1,R10,MLP,Ridge,3.3729455693740995
zone1,R10,QRLSTM,GBR,3.248823620712059
zone1,R10,QRLSTM,MLP,3.250208157127889
zone1,R10,QRLSTM,QRLSTM,3.236568802662194
zone1,R10,QRLSTM,Ridge,3.2636162706759113
zone1,R10,Ridge,GBR,3.198027675930471
zone1,R10,Ridge,MLP,3.2050312395064786
zone1,R10,Ridge,QRLSTM,3.2058227103524635
zone1,R10,Ridge,Ridge,3.1990678270431223
zone1,R20,GBR,GBR,4.50954609642217
zone1,R20,GBR,MLP,4.543480188355045
zone1,R20,GBR,QRLSTM,4.513541118744459
zone1,R20,GBR,Ridge,4.535653564305809
zone1,R20,MLP,GBR,5.118926351377353
zone1,R20,MLP,MLP,5.14160402275314
zone1,R20,MLP,QRLSTM,5.112039941479971
zone1,R20,MLP,Ridge,5.147831784820058
zone1,R20,QRLSTM,GBR,4.929485347893836
zone1,R20,QRLSTM,MLP,4.950712875267811
zone1,R20,QRLSTM,QRLSTM,4.926059359028111
zone1,R20,QRLSTM,Ridge,4.96965709126901
zone1,R20,Ridge,GBR,4.7154684671780585
zone1,R20,Ridge,MLP,4.71582250278661
zone1,R20,Ridge,QRLSTM,4.708962693440095
zone1,R20,Ridge,Ridge,4.700143801044895
zone10,R01,GBR,GBR,1.8891358501867392
zone10,R01,GBR,MLP,1.9020036779487832
zone10,R01,GBR,QRLSTM,1.8947525036840314
zone10,R01,GBR,Ridge,1.8958703647979107
zone10,R01,MLP,GBR,1.7451653310690165
zone10,R01,MLP,MLP,1.7784263702575402
zone10,R01,MLP,QRLSTM,1.751116538796329
zone10,R01,MLP,Ridge,1.7537398698219768
zone10,R01,QRLSTM,GBR,1.770046552038465
zone10,R01,QRLSTM,MLP,1.788264630635443
zone10,R01,QRLSTM,QRLSTM,1.7727567272650395
zone10,R01,QRLSTM,Ridge,1.7812776075741081
zone10,R01,Ridge,GBR,1.888026090506559
zone10,R01,Ridge,MLP,1.9131141582049411
zone10,R01,Ridge,QRLSTM,1.8964841947703557
zone10,R01,Ridge,Ridge,1.8887222079624517
zone10,R02,GBR,GBR,2.1098279982914647
zone10,R02,GBR,MLP,2.121361132362475
zone10,R02,GBR,QRLSTM,2.116592618099102
zone10,R02,GBR,Ridge,2.1141901582841673
zone10,R02,MLP,GBR,2.0237508676927907
zone10,R02,MLP,MLP,2.051260911270692
zone10,R02,MLP,QRLSTM,2.0302452587784385
zone10,R02,MLP,Ridge,2.0276326093334434
zone10,R02,QRLSTM,GBR,2.0345701778346736
zone10,R02,QRLSTM,MLP,2.050583821163131
zone10,R02,QRLSTM,QRLSTM,2.037887311694891
zone10,R02,QRLSTM,Ridge,2.0409319512488784
zone10,R02,Ridge,GBR,2.1313555148977055
zone10,R02,Ridge,MLP,2.154056126763784
zone10,R02,Ridge,QRLSTM,2.139964508376896
zone10,R02,Ridge,Ridge,2.1310642820116064
zone10,R05P6179775281,GBR,GBR,2.810778991469368
zone10,R05P6179775281,GBR,MLP,2.8264077154602325
zone10,R05P6179775281,GBR,QRLSTM,2.8184826900994397
zone10,R05P6179775281,GBR,Ridge,2.8185670366079685
zone10,R05P6179775281,MLP,GBR,2.885514635945661
zone10,R05P6179775281,MLP,MLP,2.8931983196984663
zone10,R05P6179775281,MLP,QRLSTM,2.8811084542501284
zone10,R05P6179775281,MLP,Ridge,2.8973155904364036
zone10,R05P6179775281,QRLSTM,GBR,2.8719598608556516
zone10,R05P6179775281,QRLSTM,MLP,2.8765824892839276
zone10,R05P6179775281,QRLSTM,QRLSTM,2.8648068770084345
zone10,R05P6179775281,QRLSTM,Ridge,2.8804296399757403
zone10,R05P6179775281,Ridge,GBR,2.878166800952649
zone10,R05P6179775281,Ridge,MLP,2.896007481578377
zone10,R05P6179775281,Ridge,QRLSTM,2.882302524174414
zone10,R05P6179775281,Ridge,Ridge,2.886846397687735
zone10,R10,GBR,GBR,3.536561561504217
zone10,R10,GBR,MLP,3.5476902268960466
zone10,R10,GBR,QRLSTM,3.5397014286815027
zone10,R10,GBR,Ridge,3.548467626862323
zone10,R10,MLP,GBR,3.77008178704538
zone10,R10,MLP,MLP,3.772609824989319
zone10,R10,MLP,QRLSTM,3.7569738948068143
zone10,R10,MLP,Ridge,3.785289661400948
zone10,R10,QRLSTM,GBR,3.7397007202236074
zone10,R10,QRLSTM,MLP,3.732460916924224
zone10,R10,QRLSTM,QRLSTM,3.721425727019598
zone10,R10,QRLSTM,Ridge,3.7525510359960057
zone10,R10,Ridge,GBR,3.631886063918497
zone10,R10,Ridge,MLP,3.642236233463412
zone10,R10,Ridge,QRLSTM,3.625947330360498
zone10,R10,Ridge,Ridge,3.6491061732302827
zone10,R20,GBR,GBR,5.112141995075851
zone10,R20,GBR,MLP,5.132580178483763
zone10,R20,GBR,QRLSTM,5.11761511013587
zone10,R20,GBR,Ridge,5.131791845392236
zone10,R20,MLP,GBR,5.715068304438917
zone10,R20,MLP,MLP,5.723899708834362
zone10,R20,MLP,QRLSTM,5.692645552530512
zone10,R20,MLP,Ridge,5.739348509884371
zone10,R20,QRLSTM,GBR,5.619806617319207
zone10,R20,QRLSTM,MLP,5.620253647652737
zone10,R20,QRLSTM,QRLSTM,5.600459017101904
zone10,R20,QRLSTM,Ridge,5.642190230216745
zone10,R20,Ridge,GBR,5.269138546024279
zone10,R20,Ridge,MLP,5.279530968746267
zone10,R20,Ridge,QRLSTM,5.2531600000724294
zone10,R20,Ridge,Ridge,5.287127164904042
zone2,R01,GBR,GBR,1.501266155197069
zone2,R01,GBR,MLP,1.500932838231975
zone2,R01,GBR,QRLSTM,1.491512243226252
zone2,R01,GBR,Ridge,1.5021137195393648
zone2,R01,MLP,GBR,1.4691480346772796
zone2,R01,MLP,MLP,1.476659100571903
zone2,R01,MLP,QRLSTM,1.4725600023966794
zone2,R01,MLP,Ridge,1.475637346076991
zone2,R01,QRLSTM,GBR,1.4519365468873469
zone2,R01,QRLSTM,MLP,1.4698724479799175
zone2,R01,QRLSTM,QRLSTM,1.456628462425168
zone2,R01,QRLSTM,Ridge,1.4630762695605979
zone2,R01,Ridge,GBR,1.4612789028046749
zone2,R01,Ridge,MLP,1.4705402979545232
zone2,R01,Ridge,QRLSTM,1.470386076015691
zone2,R01,Ridge,Ridge,1.4624979788594594
zone2,R02,GBR,GBR,1.6950662378886003
zone2,R02,GBR,MLP,1.6932110621383665
zone2,R02,GBR,QRLSTM,1.6878547316297032
zone2,R02,GBR,Ridge,1.6974566175161605
zone2,R02,MLP,GBR,1.7302086479246797
zone2,R02,MLP,MLP,1.7353983593485638
zone2,R02,MLP,QRLSTM,1.7349659834992472
zone2,R02,MLP,Ridge,1.735701268497627
zone2,R02,QRLSTM,GBR,1.695874744825861
zone2,R02,QRLSTM,MLP,1.7106307669032237
zone2,R02,QRLSTM,QRLSTM,1.7009535406810876
zone2,R02,QRLSTM,Ridge,1.7048978555666847
zone2,R02,Ridge,GBR,1.6869938146334387
zone2,R02,Ridge,MLP,1.6947497090158208
zone2,R02,Ridge,QRLSTM,1.698103122734331
zone2,R02,Ridge,Ridge,1.6894028948204272
zone2,R05P6179775281,GBR,GBR,2.303359022631299
zone2,R05P6179775281,GBR,MLP,2.305267138851561
zone2,R05P6179775281,GBR,QRLSTM,2.3050707139362108
zone2,R05P6179775281,GBR,Ridge,2.304572259231708
zone2,R05P6179775281,MLP,GBR,2.510944525939492
zone2,R05P6179775281,MLP,MLP,2.5010277522550246
zone2,R05P6179775281,MLP,QRLSTM,2.5110828618291112
zone2,R05P6179775281,MLP,Ridge,2.510745042849789
zone2,R05P6179775281,QRLSTM,GBR,2.4366627895150104
zone2,R05P6179775281,QRLSTM,MLP,2.4461813931224445
zone2,R05P6179775281,QRLSTM,QRLSTM,2.4437489424706933
zone2,R05P6179775281,QRLSTM,Ridge,2.444305709548433
zone2,R05P6179775281,Ridge,GBR,2.3643224500993028
zone2,R05P6179775281,Ridge,MLP,2.3677066400442133
zone2,R05P6179775281,Ridge,QRLSTM,2.380592026546689
zone2,R05P6179775281,Ridge,Ridge,2.3696305876789077
zone2,R10,GBR,GBR,2.914207349687669
zone2,R10,GBR,MLP,2.91681102477062
zone2,R10,GBR,QRLSTM,2.9138486902629306
zone2,R10,GBR,Ridge,2.9251524506729654
zone2,R10,MLP,GBR,3.2932622548430945
zone2,R10,MLP,MLP,3.2644438238530085
zone2,R10,MLP,QRLSTM,3.280165177125414
zone2,R10,MLP,Ridge,3.2750545181319186
zone2,R10,QRLSTM,GBR,3.179836229477261
zone2,R10,QRLSTM,MLP,3.186013746180662
zone2,R10,QRLSTM,QRLSTM,3.1767200584813615
zone2,R10,QRLSTM,Ridge,3.1988079614142375
zone2,R10,Ridge,GBR,3.028117694687978
zone2,R10,Ridge,MLP,3.0221669009651326
zone2,R10,Ridge,QRLSTM,3.0349366488399436
zone2,R10,Ridge,Ridge,3.0345260261735203
zone2,R20,GBR,GBR,4.22320795072899
zone2,R20,GBR,MLP,4.237787425689095
zone2,R20,GBR,QRLSTM,4.228203952654178
zone2,R20,GBR,Ridge,4.260676052568213
zone2,R20,MLP,GBR,4.99007226810729
zone2,R20,MLP,MLP,4.9346621443397884
zone2,R20,MLP,QRLSTM,4.951265930729592
zone2,R20,MLP,Ridge,4.944690201920477
zone2,R20,QRLSTM,GBR,4.7856936985244145
zone2,R20,QRLSTM,MLP,4.7983539461265785
zone2,R20,QRLSTM,QRLSTM,4.776961864533701
zone2,R20,QRLSTM,Ridge,4.828161288127167
zone2,R20,Ridge,GBR,4.452263199779629
zone2,R20,Ridge,MLP,4.431285830853378
zone2,R20,Ridge,QRLSTM,4.449551335201797
zone2,R20,Ridge,Ridge,4.462686742480554
zone3,R01,GBR,GBR,1.6638771024442796
zone3,R01,GBR,MLP,1.6805093684874604
zone3,R01,GBR,QRLSTM,1.671131605806412
zone3,R01,GBR,Ridge,1.6675868480988918
zone3,R01,MLP,GBR,1.581251642826029
zone3,R01,MLP,MLP,1.5973814691328148
zone3,R01,MLP,QRLSTM,1.5821476645200052
zone3,R01,MLP,Ridge,1.5793885023956147
zone3,R01,QRLSTM,GBR,1.6090464845546761
zone3,R01,QRLSTM,MLP,1.6297557926908564
zone3,R01,QRLSTM,QRLSTM,1.612853296301708
zone3,R01,QRLSTM,Ridge,1.6143555725980154
zone3,R01,Ridge,GBR,1.654318671357513
zone3,R01,Ridge,MLP,1.6677982164343697
zone3,R01,Ridge,QRLSTM,1.6596417486432826
zone3,R01,Ridge,Ridge,1.6487404418196456
zone3,R02,GBR,GBR,1.8818487069785104
zone3,R02,GBR,MLP,1.8966361899755206
zone3,R02,GBR,QRLSTM,1.8894417468507834
zone3,R02,GBR,Ridge,1.8832887177932338
zone3,R02,MLP,GBR,1.845058438356119
zone3,R02,MLP,MLP,1.8579414709949178
zone3,R02,MLP,QRLSTM,1.8455749412931242
zone3,R02,MLP,Ridge,1.8401526715235696
zone3,R02,QRLSTM,GBR,1.8701921655805287
zone3,R02,QRLSTM,MLP,1.8878114800147545
zone3,R02,QRLSTM,QRLSTM,1.8740237131430593
zone3,R02,QRLSTM,Ridge,1.871980851535026
zone3,R02,Ridge,GBR,1.8830758057503636
zone3,R02,Ridge,MLP,1.893779338595572
zone3,R02,Ridge,QRLSTM,1.886675249188738
zone3,R02,Ridge,Ridge,1.8756054395836748
zone3,R05P6179775281,GBR,GBR,2.5613526216375813
zone3,R05P6179775281,GBR,MLP,2.5784534393418688
zone3,R05P6179775281,GBR,QRLSTM,2.5704824666250197
zone3,R05P6179775281,GBR,Ridge,2.5681369788872304
zone3,R05P6179775281,MLP,GBR,2.6567876513040063
zone3,R05P6179775281,MLP,MLP,2.66246223604779
zone3,R05P6179775281,MLP,QRLSTM,2.650557372207665
zone3,R05P6179775281,MLP,Ridge,2.651932079480193
zone3,R05P6179775281,QRLSTM,GBR,2.6807751909790065
zone3,R05P6179775281,QRLSTM,MLP,2.690835385669885
zone3,R05P6179775281,QRLSTM,QRLSTM,2.6728980675468277
zone3,R05P6179775281,QRLSTM,Ridge,2.6891556695501397
zone3,R05P6179775281,Ridge,GBR,2.5804382261668657
zone3,R05P6179775281,Ridge,MLP,2.5934695715272875
zone3,R05P6179775281,Ridge,QRLSTM,2.587414214786008
zone3,R05P6179775281,Ridge,Ridge,2.572226036059353
zone3,R10,GBR,GBR,3.2530169820721437
zone3,R10,GBR,MLP,3.2617193130291535
zone3,R10,GBR,QRLSTM,3.2509609860153157
zone3,R10,GBR,Ridge,3.2701872672796726
zone3,R10,MLP,GBR,3.4725250958843596
zone3,R10,MLP,MLP,3.478233309064296
zone3,R10,MLP,QRLSTM,3.4621129590125395
zone3,R10,MLP,Ridge,3.475328987309424
zone3,R10,QRLSTM,GBR,3.5003568770297475
zone3,R10,QRLSTM,MLP,3.5104134630267536
zone3,R10,QRLSTM,QRLSTM,3.4921427598299815
zone3,R10,QRLSTM,Ridge,3.51794671854768
zone3,R10,Ridge,GBR,3.262302144940379
zone3,R10,Ridge,MLP,3.2688635895461062
zone3,R10,Ridge,QRLSTM,3.261645866210618
zone3,R10,Ridge,Ridge,3.2598576293212833
zone3,R20,GBR,GBR,4.726760186777142
zone3,R20,GBR,MLP,4.742253470136253
zone3,R20,GBR,QRLSTM,4.724994098714911
zone3,R20,GBR,Ridge,4.773580834318146
zone3,R20,MLP,GBR,5.264086268758768
zone3,R20,MLP,MLP,5.260185075066632
zone3,R20,MLP,QRLSTM,5.242818420747372
zone3,R20,MLP,Ridge,5.267365778253113
zone3,R20,QRLSTM,GBR,5.27306302921009
zone3,R20,QRLSTM,MLP,5.303754811146601
zone3,R20,QRLSTM,QRLSTM,5.271963447202495
zone3,R20,QRLSTM,Ridge,5.320518034355788
zone3,R20,Ridge,GBR,4.723027770830717
zone3,R20,Ridge,MLP,4.7269718364705025
zone3,R20,Ridge,QRLSTM,4.716472753245188
zone3,R20,Ridge,Ridge,4.719022974326088
zone4,R01,GBR,GBR,1.6761569884850345
zone4,R01,GBR,MLP,1.6878869265378176
zone4,R01,GBR,QRLSTM,1.6800225172249044
zone4,R01,GBR,Ridge,1.679958267241211
zone4,R01,MLP,GBR,1.599255563886892
zone4,R01,MLP,MLP,1.6243123582873884
zone4,R01,MLP,QRLSTM,1.603302124496799
zone4,R01,MLP,Ridge,1.6129939383904008
zone4,R01,QRLSTM,GBR,1.5802522277170143
zone4,R01,QRLSTM,MLP,1.5939197223533499
zone4,R01,QRLSTM,QRLSTM,1.578698346320559
zone4,R01,QRLSTM,Ridge,1.5881344403905107
zone4,R01,Ridge,GBR,1.679297292418716
zone4,R01,Ridge,MLP,1.7022754295567304
zone4,R01,Ridge,QRLSTM,1.688263511732839
zone4,R01,Ridge,Ridge,1.684544250123175
zone4,R02,GBR,GBR,1.8904267641052037
zone4,R02,GBR,MLP,1.9010106651246206
zone4,R02,GBR,QRLSTM,1.8949906241101793
zone4,R02,GBR,Ridge,1.8932091430917712
zone4,R02,MLP,GBR,1.8657591202598747
zone4,R02,MLP,MLP,1.8877002407578274
zone4,R02,MLP,QRLSTM,1.870540383120177
zone4,R02,MLP,Ridge,1.8746078735895053
zone4,R02,QRLSTM,GBR,1.8400966610880827
zone4,R02,QRLSTM,MLP,1.8522516419630464
zone4,R02,QRLSTM,QRLSTM,1.83926104447399
zone4,R02,QRLSTM,Ridge,1.8445031198505826
zone4,R02,Ridge,GBR,1.9183917364722007
zone4,R02,Ridge,MLP,1.9405879097687133
zone4,R02,Ridge,QRLSTM,1.927457615919639
zone4,R02,Ridge,Ridge,1.9225143164243812
zone4,R05P6179775281,GBR,GBR,2.577301663240724
zone4,R05P6179775281,GBR,MLP,2.5873329367803124
zone4,R05P6179775281,GBR,QRLSTM,2.5786843007677165
zone4,R05P6179775281,GBR,Ridge,2.5851547658487637
zone4,R05P6179775281,MLP,GBR,2.6905875196665234
zone4,R05P6179775281,MLP,MLP,2.704606103670413
zone4,R05P6179775281,MLP,QRLSTM,2.6888336810109656
zone4,R05P6179775281,MLP,Ridge,2.6979415993954805
zone4,R05P6179775281,QRLSTM,GBR,2.64390252466911
zone4,R05P6179775281,QRLSTM,MLP,2.6506165789915612
zone4,R05P6179775281,QRLSTM,QRLSTM,2.6327933509789223
zone4,R05P6179775281,QRLSTM,Ridge,2.6504342725892407
zone4,R05P6179775281,Ridge,GBR,2.6557459351839037
zone4,R05P6179775281,Ridge,MLP,2.673588836150556
zone4,R05P6179775281,Ridge,QRLSTM,2.6610154223589797
zone4,R05P6179775281,Ridge,Ridge,2.6576148466640386
zone4,R10,GBR,GBR,3.288510549313915
zone4,R10,GBR,MLP,3.2941484893991664
zone4,R10,GBR,QRLSTM,3.2832153001535582
zone4,R10,GBR,Ridge,3.301169859090995
zone4,R10,MLP,GBR,3.5442305179822107
zone4,R10,MLP,MLP,3.557575089203045
zone4,R10,MLP,QRLSTM,3.5425802335601433
zone4,R10,MLP,Ridge,3.556880822450278
zone4,R10,QRLSTM,GBR,3.466542231303286
zone4,R10,QRLSTM,MLP,3.485203964623369
zone4,R10,QRLSTM,QRLSTM,3.465868562308874
zone4,R10,QRLSTM,Ridge,3.494662178071921
zone4,R10,Ridge,GBR,3.394022884907884
zone4,R10,Ridge,MLP,3.4107051666846195
zone4,R10,Ridge,QRLSTM,3.3938489268200756
zone4,R10,Ridge,Ridge,3.4001579071629853
zone4,R20,GBR,GBR,4.822835493096761
zone4,R20,GBR,MLP,4.844925356448382
zone4,R20,GBR,QRLSTM,4.824906260927475
zone4,R20,GBR,Ridge,4.85766892540722
zone4,R20,MLP,GBR,5.404848676312228
zone4,R20,MLP,MLP,5.4374375708122935
zone4,R20,MLP,QRLSTM,5.422917403911333
zone4,R20,MLP,Ridge,5.4303332844153305
zone4,R20,QRLSTM,GBR,5.289089613939283
zone4,R20,QRLSTM,MLP,5.319693011838558
zone4,R20,QRLSTM,QRLSTM,5.295593256609371
zone4,R20,QRLSTM,Ridge,5.348275554036149
zone4,R20,Ridge,GBR,4.999000531817966
zone4,R20,Ridge,MLP,5.021661118684395
zone4,R20,Ridge,QRLSTM,5.001721340878386
zone4,R20,Ridge,Ridge,4.993452776391199
zone5,R01,GBR,GBR,1.7436427376107013
zone5,R01,GBR,MLP,1.757797924617577
zone5,R01,GBR,QRLSTM,1.747864341474173
zone5,R01,GBR,Ridge,1.7511987033996712
zone5,R01,MLP,GBR,1.6639490509206802
zone5,R01,MLP,MLP,1.6688545461545554
zone5,R01,MLP,QRLSTM,1.66282019208002
zone5,R01,MLP,Ridge,1.6774016966852627
zone5,R01,QRLSTM,GBR,1.6710361240310176
zone5,R01,QRLSTM,MLP,1.673315159901541
zone5,R01,QRLSTM,QRLSTM,1.6703530090294445
zone5,R01,QRLSTM,Ridge,1.6854314650000697
zone5,R01,Ridge,GBR,1.7518895260209553
zone5,R01,Ridge,MLP,1.769933433752484
zone5,R01,Ridge,QRLSTM,1.7570209699943116
zone5,R01,Ridge,Ridge,1.7552149414850096
zone5,R02,GBR,GBR,1.9575389450654714
zone5,R02,GBR,MLP,1.9695161239860337
zone5,R02,GBR,QRLSTM,1.96189648355578
zone5,R02,GBR,Ridge,1.9618581717115653
zone5,R02,MLP,GBR,1.9147297725847003
zone5,R02,MLP,MLP,1.9196732692335483
zone5,R02,MLP,QRLSTM,1.9143093375315456
zone5,R02,MLP,Ridge,1.9238210713050143
zone5,R02,QRLSTM,GBR,1.922707746114707
zone5,R02,QRLSTM,MLP,1.9253715501858593
zone5,R02,QRLSTM,QRLSTM,1.9228667483372353
zone5,R02,QRLSTM,Ridge,1.9322648945668908
zone5,R02,Ridge,GBR,1.9815850239260933
zone5,R02,Ridge,MLP,1.9991141156671803
zone5,R02,Ridge,QRLSTM,1.9860064421654169
zone5,R02,Ridge,Ridge,1.9828732250568815
zone5,R05P6179775281,GBR,GBR,2.6438146243884773
zone5,R05P6179775281,GBR,MLP,2.6611237500737173
zone5,R05P6179775281,GBR,QRLSTM,2.6518747131874743
zone5,R05P6179775281,GBR,Ridge,2.6520396657237457
zone5,R05P6179775281,MLP,GBR,2.7033771380384657
zone5,R05P6179775281,MLP,MLP,2.7100625287223634
zone5,R05P6179775281,MLP,QRLSTM,2.7010064842676957
zone5,R05P6179775281,MLP,Ridge,2.7140060302999665
zone5,R05P6179775281,QRLSTM,GBR,2.724522035199425
zone5,R05P6179775281,QRLSTM,MLP,2.7266867287937373
zone5,R05P6179775281,QRLSTM,QRLSTM,2.7201052847178535
zone5,R05P6179775281,QRLSTM,Ridge,2.7353631432359933
zone5,R05P6179775281,Ridge,GBR,2.7016269805697273
zone5,R05P6179775281,Ridge,MLP,2.7197259054569614
zone5,R05P6179775281,Ridge,QRLSTM,2.706555452997298
zone5,R05P6179775281,Ridge,Ridge,2.7090943342028795
zone5,R10,GBR,GBR,3.3589541036519646
zone5,R10,GBR,MLP,3.3734038417153127
zone5,R10,GBR,QRLSTM,3.357830611530653
zone5,R10,GBR,Ridge,3.3694768398751287
zone5,R10,MLP,GBR,3.521140666424214
zone5,R10,MLP,MLP,3.5341305826395093
zone5,R10,MLP,QRLSTM,3.5230674176194947
zone5,R10,MLP,Ridge,3.552001639748905
zone5,R10,QRLSTM,GBR,3.5632818582360075
zone5,R10,QRLSTM,MLP,3.5658216435221366
zone5,R10,QRLSTM,QRLSTM,3.5576779537940304
zone5,R10,QRLSTM,Ridge,3.584538774225047
zone5,R10,Ridge,GBR,3.4270308267311806
zone5,R10,Ridge,MLP,3.4482588566209347
zone5,R10,Ridge,QRLSTM,3.4309635424377505
zone5,R10,Ridge,Ridge,3.4440888484987533
zone5,R20,GBR,GBR,4.89781533901754
zone5,R20,GBR,MLP,4.92539102836245
zone5,R20,GBR,QRLSTM,4.891514409283362
zone5,R20,GBR,Ridge,4.922121351185039
zone5,R20,MLP,GBR,5.339907133864653
zone5,R20,MLP,MLP,5.352862016032825
zone5,R20,MLP,QRLSTM,5.331816072791192
zone5,R20,MLP,Ridge,5.386142224167704
zone5,R20,QRLSTM,GBR,5.400636221266377
zone5,R20,QRLSTM,MLP,5.422668103108011
zone5,R20,QRLSTM,QRLSTM,5.398606848496925
zone5,R20,QRLSTM,Ridge,5.444037520276484
zone5,R20,Ridge,GBR,5.013035760078637
zone5,R20,Ridge,MLP,5.035462783616012
zone5,R20,Ridge,QRLSTM,5.005399867954962
zone5,R20,Ridge,Ridge,5.028313534341402
zone6,R01,GBR,GBR,1.7675057032701498
zone6,R01,GBR,MLP,1.7824742437060728
zone6,R01,GBR,QRLSTM,1.77314032082315
zone6,R01,GBR,Ridge,1.7736898544703528
zone6,R01,MLP,GBR,1.6651787147020356
zone6,R01,MLP,MLP,1.686239050113735
zone6,R01,MLP,QRLSTM,1.6640484969011757
zone6,R01,MLP,Ridge,1.6801993402892084
zone6,R01,QRLSTM,GBR,1.6847401944023945
zone6,R01,QRLSTM,MLP,1.695584048610947
zone6,R01,QRLSTM,QRLSTM,1.6794850019217225
zone6,R01,QRLSTM,Ridge,1.69713590683251
zone6,R01,Ridge,GBR,1.7722535804004464
zone6,R01,Ridge,MLP,1.801600790740473
zone6,R01,Ridge,QRLSTM,1.7811172142134744
zone6,R01,Ridge,Ridge,1.777933551990192
zone6,R02,GBR,GBR,1.9796717879434844
zone6,R02,GBR,MLP,1.9925161026264835
zone6,R02,GBR,QRLSTM,1.9848936733716305
zone6,R02,GBR,Ridge,1.9833339929408176
zone6,R02,MLP,GBR,1.9216200472170055
zone6,R02,MLP,MLP,1.9408265799072681
zone6,R02,MLP,QRLSTM,1.9224376930076297
zone6,R02,MLP,Ridge,1.9328462835200322
zone6,R02,QRLSTM,GBR,1.9344989824817997
zone6,R02,QRLSTM,MLP,1.944382384380136
zone6,R02,QRLSTM,QRLSTM,1.9306478516692085
zone6,R02,QRLSTM,Ridge,1.942403653018706
zone6,R02,Ridge,GBR,2.0015205044124857
zone6,R02,Ridge,MLP,2.029073918097401
zone6,R02,Ridge,QRLSTM,2.010631911949438
zone6,R02,Ridge,Ridge,2.0047965679240516
zone6,R05P6179775281,GBR,GBR,2.6485224831524747
zone6,R05P6179775281,GBR,MLP,2.6636628233630524
zone6,R05P6179775281,GBR,QRLSTM,2.653476358129208
zone6,R05P6179775281,GBR,Ridge,2.6587880419934806
zone6,R05P6179775281,MLP,GBR,2.72364127067069
zone6,R05P6179775281,MLP,MLP,2.7334844529473368
zone6,R05P6179775281,MLP,QRLSTM,2.7165420004552554
zone6,R05P6179775281,MLP,Ridge,2.7311253459468263
zone6,R05P6179775281,QRLSTM,GBR,2.726151328586903
zone6,R05P6179775281,QRLSTM,MLP,2.7286245073200908
zone6,R05P6179775281,QRLSTM,QRLSTM,2.7136256030435253
zone6,R05P6179775281,QRLSTM,Ridge,2.7322558678887003
zone6,R05P6179775281,Ridge,GBR,2.7240484757402137
zone6,R05P6179775281,Ridge,MLP,2.7468994013679526
zone6,R05P6179775281,Ridge,QRLSTM,2.7272305380128796
zone6,R05P6179775281,Ridge,Ridge,2.7292111207882908
zone6,R10,GBR,GBR,3.332212452003824
zone6,R10,GBR,MLP,3.346619222158608
zone6,R10,GBR,QRLSTM,3.3311680397021353
zone6,R10,GBR,Ridge,3.353429927492451
zone6,R10,MLP,GBR,3.548069615926757
zone6,R10,MLP,MLP,3.557629936320868
zone6,R10,MLP,QRLSTM,3.5333711742819736
zone6,R10,MLP,Ridge,3.5734131567208114
zone6,R10,QRLSTM,GBR,3.547393577908918
zone6,R10,QRLSTM,MLP,3.5491349866534003
zone6,R10,QRLSTM,QRLSTM,3.5279949013802043
zone6,R10,QRLSTM,Ridge,3.57071846724508
zone6,R10,Ridge,GBR,3.4461474150979203
zone6,R10,Ridge,MLP,3.466873974721885
zone6,R10,Ridge,QRLSTM,3.4427372458937606
zone6,R10,Ridge,Ridge,3.4662292779471287
zone6,R20,GBR,GBR,4.807803637512399
zone6,R20,GBR,MLP,4.839018613038431
zone6,R20,GBR,QRLSTM,4.81292951283908
zone6,R20,GBR,Ridge,4.860936261987906
zone6,R20,MLP,GBR,5.340330014893836
zone6,R20,MLP,MLP,5.374237055691441
zone6,R20,MLP,QRLSTM,5.339992521397013
zone6,R20,MLP,Ridge,5.399943453299171
zone6,R20,QRLSTM,GBR,5.337045625449165
zone6,R20,QRLSTM,MLP,5.351069688645777
zone6,R20,QRLSTM,QRLSTM,5.3228380477615005
zone6,R20,QRLSTM,Ridge,5.3899317398254185
zone6,R20,Ridge,GBR,5.0165980180010274
zone6,R20,Ridge,MLP,5.0428758742892805
zone6,R20,Ridge,QRLSTM,5.0099553434596995
zone6,R20,Ridge,Ridge,5.059517616779861
zone7,R01,GBR,GBR,1.3901462388928003
zone7,R01,GBR,MLP,1.400942084516881
zone7,R01,GBR,QRLSTM,1.3955217387239496
zone7,R01,GBR,Ridge,1.3927528966618006
zone7,R01,MLP,GBR,1.371441440751517
zone7,R01,MLP,MLP,1.3862785348854165
zone7,R01,MLP,QRLSTM,1.3765566323663136
zone7,R01,MLP,Ridge,1.3836929281519452
zone7,R01,QRLSTM,GBR,1.3515558564964476
zone7,R01,QRLSTM,MLP,1.3697270385399638
zone7,R01,QRLSTM,QRLSTM,1.3553836889572473
zone7,R01,QRLSTM,Ridge,1.3702314814496508
zone7,R01,Ridge,GBR,1.4124523280085306
zone7,R01,Ridge,MLP,1.4246030739406703
zone7,R01,Ridge,QRLSTM,1.4171376095341512
zone7,R01,Ridge,Ridge,1.4146618050575455
zone7,R02,GBR,GBR,1.5769043313639681
zone7,R02,GBR,MLP,1.586854187393605
zone7,R02,GBR,QRLSTM,1.5820943926671287
zone7,R02,GBR,Ridge,1.5787568584499214
zone7,R02,MLP,GBR,1.5983078712732035
zone7,R02,MLP,MLP,1.609262900735026
zone7,R02,MLP,QRLSTM,1.6034791155140655
zone7,R02,MLP,Ridge,1.6066571106361072
zone7,R02,QRLSTM,GBR,1.560258786231726
zone7,R02,QRLSTM,MLP,1.57515902134392
zone7,R02,QRLSTM,QRLSTM,1.5656985730911706
zone7,R02,QRLSTM,Ridge,1.5752713632108146
zone7,R02,Ridge,GBR,1.620170810636545
zone7,R02,Ridge,MLP,1.6315998997686718
zone7,R02,Ridge,QRLSTM,1.6258159755060397
zone7,R02,Ridge,Ridge,1.6218258948908326
zone7,R05P6179775281,GBR,GBR,2.165017810991231
zone7,R05P6179775281,GBR,MLP,2.1748576785617306
zone7,R05P6179775281,GBR,QRLSTM,2.17484937593545
zone7,R05P6179775281,GBR,Ridge,2.1700122247365585
zone7,R05P6179775281,MLP,GBR,2.293940695367039
zone7,R05P6179775281,MLP,MLP,2.2887824611733287
zone7,R05P6179775281,MLP,QRLSTM,2.2910710718240854
zone7,R05P6179775281,MLP,Ridge,2.292846940260182
zone7,R05P6179775281,QRLSTM,GBR,2.207653485024175
zone7,R05P6179775281,QRLSTM,MLP,2.2162677116805884
zone7,R05P6179775281,QRLSTM,QRLSTM,2.212032541090953
zone7,R05P6179775281,QRLSTM,Ridge,2.216455838660714
zone7,R05P6179775281,Ridge,GBR,2.2591237464850122
zone7,R05P6179775281,Ridge,MLP,2.265721497370238
zone7,R05P6179775281,Ridge,QRLSTM,2.2670942522467055
zone7,R05P6179775281,Ridge,Ridge,2.2615955379263526
zone7,R10,GBR,GBR,2.7524465209856945
zone7,R10,GBR,MLP,2.766626102079839
zone7,R10,GBR,QRLSTM,2.758373264734844
zone7,R10,GBR,Ridge,2.7718196402978985
zone7,R10,MLP,GBR,2.989080209861247
zone7,R10,MLP,MLP,2.9881734119983197
zone7,R10,MLP,QRLSTM,2.9885669794364587
zone7,R10,MLP,Ridge,2.994080871817918
zone7,R10,QRLSTM,GBR,2.8627898492421804
zone7,R10,QRLSTM,MLP,2.8745028110915154
zone7,R10,QRLSTM,QRLSTM,2.8608283567847645
zone7,R10,QRLSTM,Ridge,2.877063905504136
zone7,R10,Ridge,GBR,2.8845757647145818
zone7,R10,Ridge,MLP,2.885929367608841
zone7,R10,Ridge,QRLSTM,2.8882377654489684
zone7,R10,Ridge,Ridge,2.8899318105613867
zone7,R20,GBR,GBR,4.010474212285582
zone7,R20,GBR,MLP,4.032386588965506
zone7,R20,GBR,QRLSTM,4.009573632229687
zone7,R20,GBR,Ridge,4.0414409605093145
zone7,R20,MLP,GBR,4.517815457712851
zone7,R20,MLP,MLP,4.519556934213689
zone7,R20,MLP,QRLSTM,4.506362571709734
zone7,R20,MLP,Ridge,4.516511287523181
zone7,R20,QRLSTM,GBR,4.286155558479678
zone7,R20,QRLSTM,MLP,4.296350499238121
zone7,R20,QRLSTM,QRLSTM,4.270436744436956
zone7,R20,QRLSTM,Ridge,4.306461761825802
zone7,R20,Ridge,GBR,4.22989988751885
zone7,R20,Ridge,MLP,4.217212682881519
zone7,R20,Ridge,QRLSTM,4.2150661161589555
zone7,R20,Ridge,Ridge,4.219189737359019
zone8,R01,GBR,GBR,1.5054944915074058
zone8,R01,GBR,MLP,1.515277274240414
zone8,R01,GBR,QRLSTM,1.509413578867401
zone8,R01,GBR,Ridge,1.5095099023423504
zone8,R01,MLP,GBR,1.5077743712780518
zone8,R01,MLP,MLP,1.5160586017598547
zone8,R01,MLP,QRLSTM,1.5079176070374958
zone8,R01,MLP,Ridge,1.5193934924076964
zone8,R01,QRLSTM,GBR,1.474023941113117
zone8,R01,QRLSTM,MLP,1.4973043700155892
zone8,R01,QRLSTM,QRLSTM,1.4726300578549734
zone8,R01,QRLSTM,Ridge,1.486516095364384
zone8,R01,Ridge,GBR,1.5080329716759706
zone8,R01,Ridge,MLP,1.5212791611670766
zone8,R01,Ridge,QRLSTM,1.51023205612306
zone8,R01,Ridge,Ridge,1.5084576921503032
zone8,R02,GBR,GBR,1.7048643893557716
zone8,R02,GBR,MLP,1.7134442254685338
zone8,R02,GBR,QRLSTM,1.710277164811247
zone8,R02,GBR,Ridge,1.7083434220232734
zone8,R02,MLP,GBR,1.774246231860236
zone8,R02,MLP,MLP,1.7820877953008374
zone8,R02,MLP,QRLSTM,1.7747448800036627
zone8,R02,MLP,Ridge,1.7816424922927099
zone8,R02,QRLSTM,GBR,1.710253563735264
zone8,R02,QRLSTM,MLP,1.729381387544571
zone8,R02,QRLSTM,QRLSTM,1.7099062985813447
zone8,R02,QRLSTM,Ridge,1.7185485924101096
zone8,R02,Ridge,GBR,1.7329663804553912
zone8,R02,Ridge,MLP,1.7457751063118858
zone8,R02,Ridge,QRLSTM,1.7375410317083193
zone8,R02,Ridge,Ridge,1.7331844062645572
zone8,R05P6179775281,GBR,GBR,2.3281462918815334
zone8,R05P6179775281,GBR,MLP,2.341949786671395
zone8,R05P6179775281,GBR,QRLSTM,2.337778292868179
zone8,R05P6179775281,GBR,Ridge,2.336218464499683
zone8,R05P6179775281,MLP,GBR,2.5741566367049096
zone8,R05P6179775281,MLP,MLP,2.568814798565661
zone8,R05P6179775281,MLP,QRLSTM,2.5674828228264412
zone8,R05P6179775281,MLP,Ridge,2.566201721063556
zone8,R05P6179775281,QRLSTM,GBR,2.435985682061208
zone8,R05P6179775281,QRLSTM,MLP,2.4458738025303677
zone8,R05P6179775281,QRLSTM,QRLSTM,2.434076241682844
zone8,R05P6179775281,QRLSTM,Ridge,2.4438360255432574
zone8,R05P6179775281,Ridge,GBR,2.4102664586341502
zone8,R05P6179775281,Ridge,MLP,2.4231668160958293
zone8,R05P6179775281,Ridge,QRLSTM,2.4198066085259082
zone8,R05P6179775281,Ridge,Ridge,2.408833370053868
zone8,R10,GBR,GBR,2.9583722618657693
zone8,R10,GBR,MLP,2.9707587016124797
zone8,R10,GBR,QRLSTM,2.9600353471683496
zone8,R10,GBR,Ridge,2.975145680039624
zone8,R10,MLP,GBR,3.380234065165614
zone8,R10,MLP,MLP,3.357594284495192
zone8,R10,MLP,QRLSTM,3.3645291935513875
zone8,R10,MLP,Ridge,3.3580951762830145
zone8,R10,QRLSTM,GBR,3.174930146935557
zone8,R10,QRLSTM,MLP,3.182753244323903
zone8,R10,QRLSTM,QRLSTM,3.1653766647660397
zone8,R10,QRLSTM,Ridge,3.1906924802268817
zone8,R10,Ridge,GBR,3.073543699663982
zone8,R10,Ridge,MLP,3.0688760768493677
zone8,R10,Ridge,QRLSTM,3.0709046150369756
zone8,R10,Ridge,Ridge,3.059616245421755
zone8,R20,GBR,GBR,4.299520740495933
zone8,R20,GBR,MLP,4.328533269913796
zone8,R20,GBR,QRLSTM,4.302389663810697
zone8,R20,GBR,Ridge,4.341757794856498
zone8,R20,MLP,GBR,5.116798699306923
zone8,R20,MLP,MLP,5.076670551386657
zone8,R20,MLP,QRLSTM,5.0963197939945655
zone8,R20,MLP,Ridge,5.094322707493217
zone8,R20,QRLSTM,GBR,4.768941197680804
zone8,R20,QRLSTM,MLP,4.79709478447242
zone8,R20,QRLSTM,QRLSTM,4.758284164592759
zone8,R20,QRLSTM,Ridge,4.80846231154219
zone8,R20,Ridge,GBR,4.463608525312955
zone8,R20,Ridge,MLP,4.4654878001624505
zone8,R20,Ridge,QRLSTM,4.463951538785606
zone8,R20,Ridge,Ridge,4.464145928396943
zone9,R01,GBR,GBR,1.496567902125556
zone9,R01,GBR,MLP,1.5052216788185901
zone9,R01,GBR,QRLSTM,1.50136707316709
zone9,R01,GBR,Ridge,1.4976135833562083
zone9,R01,MLP,GBR,1.4361161421662372
zone9,R01,MLP,MLP,1.4453575396116662
zone9,R01,MLP,QRLSTM,1.4408245018969084
zone9,R01,MLP,Ridge,1.4386237958976005
zone9,R01,QRLSTM,GBR,1.420126487654403
zone9,R01,QRLSTM,MLP,1.436933328272057
zone9,R01,QRLSTM,QRLSTM,1.4246854604528019
zone9,R01,QRLSTM,Ridge,1.4234997177055928
zone9,R01,Ridge,GBR,1.5442008587140983
zone9,R01,Ridge,MLP,1.5576175950387958
zone9,R01,Ridge,QRLSTM,1.5525216975164635
zone9,R01,Ridge,Ridge,1.5437842804334685
zone9,R02,GBR,GBR,1.6905533361112268
zone9,R02,GBR,MLP,1.6992075947896494
zone9,R02,GBR,QRLSTM,1.695960656343273
zone9,R02,GBR,Ridge,1.6908628181937422
zone9,R02,MLP,GBR,1.682663335870002
zone9,R02,MLP,MLP,1.6907740377137375
zone9,R02,MLP,QRLSTM,1.6883970223423979
zone9,R02,MLP,Ridge,1.683623464104505
zone9,R02,QRLSTM,GBR,1.6728052373720885
zone9,R02,QRLSTM,MLP,1.6873982900081415
zone9,R02,QRLSTM,QRLSTM,1.6770344257354486
zone9,R02,QRLSTM,Ridge,1.6743807401398123
zone9,R02,Ridge,GBR,1.754908389257898
zone9,R02,Ridge,MLP,1.766935370475924
zone9,R02,Ridge,QRLSTM,1.7639615237187092
zone9,R02,Ridge,Ridge,1.754185781298834
zone9,R05P6179775281,GBR,GBR,2.301992209381637
zone9,R05P6179775281,GBR,MLP,2.3137081740085574
zone9,R05P6179775281,GBR,QRLSTM,2.3095888842104126
zone9,R05P6179775281,GBR,Ridge,2.312934698044536
zone9,R05P6179775281,MLP,GBR,2.4413606497893605
zone9,R05P6179775281,MLP,MLP,2.4450651175584466
zone9,R05P6179775281,MLP,QRLSTM,2.442309946535283
zone9,R05P6179775281,MLP,Ridge,2.4380514743420028
zone9,R05P6179775281,QRLSTM,GBR,2.443532206109366
zone9,R05P6179775281,QRLSTM,MLP,2.4517510706282097
zone9,R05P6179775281,QRLSTM,QRLSTM,2.4405889042655406
zone9,R05P6179775281,QRLSTM,Ridge,2.4506868394544825
zone9,R05P6179775281,Ridge,GBR,2.406173075152943
zone9,R05P6179775281,Ridge,MLP,2.422855758250482
zone9,R05P6179775281,Ridge,QRLSTM,2.418487715637122
zone9,R05P6179775281,Ridge,Ridge,2.4036669972754883
zone9,R10,GBR,GBR,2.925294213818762
zone9,R10,GBR,MLP,2.9341758330260865
zone9,R10,GBR,QRLSTM,2.9248858565669202
zone9,R10,GBR,Ridge,2.949830489486463
zone9,R10,MLP,GBR,3.2085302627823995
zone9,R10,MLP,MLP,3.205830580412577
zone9,R10,MLP,QRLSTM,3.2060099744725714
zone9,R10,MLP,Ridge,3.205305720914146
zone9,R10,QRLSTM,GBR,3.227900697447388
zone9,R10,QRLSTM,MLP,3.2349439355180105
zone9,R10,QRLSTM,QRLSTM,3.223626726899917
zone9,R10,QRLSTM,Ridge,3.2531269489808166
zone9,R10,Ridge,GBR,3.0495810983285945
zone9,R10,Ridge,MLP,3.059626282735562
zone9,R10,Ridge,QRLSTM,3.055185003369124
zone9,R10,Ridge,Ridge,3.0509036141381976
zone9,R20,GBR,GBR,4.270733269656927
zone9,R20,GBR,MLP,4.2817032795384415
zone9,R20,GBR,QRLSTM,4.262551141978246
zone9,R20,GBR,Ridge,4.3159853935755095
zone9,R20,MLP,GBR,4.88007358063016
zone9,R20,MLP,MLP,4.872073360969908
zone9,R20,MLP,QRLSTM,4.86823070124268
zone9,R20,MLP,Ridge,4.870885792175589
zone9,R20,QRLSTM,GBR,4.933882938371352
zone9,R20,QRLSTM,MLP,4.936086306805916
zone9,R20,QRLSTM,QRLSTM,4.923739842302453
zone9,R20,QRLSTM,Ridge,4.96766667214372
zone9,R20,Ridge,GBR,4.431845552122731
zone9,R20,Ridge,MLP,4.435098026384488
zone9,R20,Ridge,QRLSTM,4.427228438795435
zone9,R20,Ridge,Ridge,4.432324588196585
zone1,ALL,GBR,GBR,2.660361844724657
zone1,ALL,GBR,MLP,2.679980316585393
zone1,ALL,GBR,QRLSTM,2.6658019263924095
zone1,ALL,GBR,Ridge,2.670855171669606
zone1,ALL,MLP,GBR,2.8620644989488975
zone1,ALL,MLP,MLP,2.8730913888537915
zone1,ALL,MLP,QRLSTM,2.862557706544985
zone1,ALL,MLP,Ridge,2.8728752661477124
zone1,ALL,QRLSTM,GBR,2.76459467605908
zone1,ALL,QRLSTM,MLP,2.7778630714622627
zone1,ALL,QRLSTM,QRLSTM,2.759811481480169
zone1,ALL,QRLSTM,Ridge,2.7767137184266213
zone1,ALL,Ridge,GBR,2.745701244694205
zone1,ALL,Ridge,MLP,2.7542491190667513
zone1,ALL,Ridge,QRLSTM,2.750709821893129
zone1,ALL,Ridge,Ridge,2.7426489690905203
zone10,ALL,GBR,GBR,3.091689279305528
zone10,ALL,GBR,MLP,3.10600858623026
zone10,ALL,GBR,QRLSTM,3.0974288701399892
zone10,ALL,GBR,Ridge,3.101777406388921
zone10,ALL,MLP,GBR,3.227916185238353
zone10,ALL,MLP,MLP,3.243879027010076
zone10,ALL,MLP,QRLSTM,3.2224179398324444
zone10,ALL,MLP,Ridge,3.2406652481754286
zone10,ALL,QRLSTM,GBR,3.207216785654321
zone10,ALL,QRLSTM,MLP,3.2136291011318923
zone10,ALL,QRLSTM,QRLSTM,3.1994671320179733
zone10,ALL,QRLSTM,Ridge,3.219476093002295
zone10,ALL,Ridge,GBR,3.1597146032599377
zone10,ALL,Ridge,MLP,3.176988993751356
zone10,ALL,Ridge,QRLSTM,3.1595717115509183
zone10,ALL,Ridge,Ridge,3.168573245159224
zone2,ALL,GBR,GBR,2.527421343226725
zone2,ALL,GBR,MLP,2.5308018979363234
zone2,ALL,GBR,QRLSTM,2.525298066341855
zone2,ALL,GBR,Ridge,2.5379942199056824
zone2,ALL,MLP,GBR,2.798727146298367
zone2,ALL,MLP,MLP,2.782438236073658
zone2,ALL,MLP,QRLSTM,2.790007991116009
zone2,ALL,MLP,Ridge,2.7883656754953607
zone2,ALL,QRLSTM,GBR,2.710000801845979
zone2,ALL,QRLSTM,MLP,2.7222104600625654
zone2,ALL,QRLSTM,QRLSTM,2.7110025737184023
zone2,ALL,QRLSTM,Ridge,2.727849816843424
zone2,ALL,Ridge,GBR,2.5985952124010048
zone2,ALL,Ridge,MLP,2.597289875766614
zone2,ALL,Ridge,QRLSTM,2.6067138418676903
zone2,ALL,Ridge,Ridge,2.6037488460025737
zone3,ALL,GBR,GBR,2.817371119981931
zone3,ALL,GBR,MLP,2.8319143561940514
zone3,ALL,GBR,QRLSTM,2.821402180802488
zone3,ALL,GBR,Ridge,2.832556129275435
zone3,ALL,MLP,GBR,2.963941819425856
zone3,ALL,MLP,MLP,2.9712407120612903
zone3,ALL,MLP,QRLSTM,2.956642271556141
zone3,ALL,MLP,Ridge,2.962833603792383
zone3,ALL,QRLSTM,GBR,2.9866867494708096
zone3,ALL,QRLSTM,MLP,3.00451418650977
zone3,ALL,QRLSTM,QRLSTM,2.9847762568048144
zone3,ALL,QRLSTM,Ridge,3.00279136931733
zone3,ALL,Ridge,GBR,2.8206325238091674
zone3,ALL,Ridge,MLP,2.8301765105147676
zone3,ALL,Ridge,QRLSTM,2.822369966414767
zone3,ALL,Ridge,Ridge,2.8150905042220087
zone4,ALL,GBR,GBR,2.851046291648328
zone4,ALL,GBR,MLP,2.8630608748580597
zone4,ALL,GBR,QRLSTM,2.8523638006367666
zone4,ALL,GBR,Ridge,2.863432192135992
zone4,ALL,MLP,GBR,3.0209362796215458
zone4,ALL,MLP,MLP,3.0423262725461937
zone4,ALL,MLP,QRLSTM,3.0256347652198836
zone4,ALL,MLP,Ridge,3.034551503648199
zone4,ALL,QRLSTM,GBR,2.9639766517433555
zone4,ALL,QRLSTM,MLP,2.980336983953977
zone4,ALL,QRLSTM,QRLSTM,2.9624429121383433
zone4,ALL,QRLSTM,Ridge,2.985201912987681
zone4,ALL,Ridge,GBR,2.929291676160134
zone4,ALL,Ridge,MLP,2.949763692169003
zone4,ALL,Ridge,QRLSTM,2.934461363541984
zone4,ALL,Ridge,Ridge,2.931656819353156
zone5,ALL,GBR,GBR,2.920353149946831
zone5,ALL,GBR,MLP,2.937446533751018
zone5,ALL,GBR,QRLSTM,2.9221961118062887
zone5,ALL,GBR,Ridge,2.93133894637903
zone5,ALL,MLP,GBR,3.0286207523665425
zone5,ALL,MLP,MLP,3.03711658855656
zone5,ALL,MLP,QRLSTM,3.0266039008579897
zone5,ALL,MLP,Ridge,3.050674532441371
zone5,ALL,QRLSTM,GBR,3.056436796969507
zone5,ALL,QRLSTM,MLP,3.062772637102257
zone5,ALL,QRLSTM,QRLSTM,3.0539219688750974
zone5,ALL,QRLSTM,Ridge,3.076327159460897
zone5,ALL,Ridge,GBR,2.9750336234653187
zone5,ALL,Ridge,MLP,2.9944990190227143
zone5,ALL,Ridge,QRLSTM,2.9771892551099475
zone5,ALL,Ridge,Ridge,2.9839169767169853
zone6,ALL,GBR,GBR,2.9071432127764667
zone6,ALL,GBR,MLP,2.9248582009785293
zone6,ALL,GBR,QRLSTM,2.911121580973041
zone6,ALL,GBR,Ridge,2.9260356157770016
zone6,ALL,MLP,GBR,3.0397679326820652
zone6,ALL,MLP,MLP,3.0584834149961297
zone6,ALL,MLP,QRLSTM,3.0352783772086096
zone6,ALL,MLP,Ridge,3.06350551595521
zone6,ALL,QRLSTM,GBR,3.0459659417658362
zone6,ALL,QRLSTM,MLP,3.05375912312207
zone6,ALL,QRLSTM,QRLSTM,3.034918281155232
zone6,ALL,QRLSTM,Ridge,3.0664891269620833
zone6,ALL,Ridge,GBR,2.992113598730419
zone6,ALL,Ridge,MLP,3.0174647918433983
zone6,ALL,Ridge,QRLSTM,2.9943344507058507
zone6,ALL,Ridge,Ridge,3.0075376270859047
zone7,ALL,GBR,GBR,2.3789978229038553
zone7,ALL,GBR,MLP,2.392333328303512
zone7,ALL,GBR,QRLSTM,2.384082480858212
zone7,ALL,GBR,Ridge,2.390956516131099
zone7,ALL,MLP,GBR,2.5541171349931715
zone7,ALL,MLP,MLP,2.558410848601156
zone7,ALL,MLP,QRLSTM,2.5532072741701315
zone7,ALL,MLP,Ridge,2.5587578276778666
zone7,ALL,QRLSTM,GBR,2.4536827070948415
zone7,ALL,QRLSTM,MLP,2.4664014163788215
zone7,ALL,QRLSTM,QRLSTM,2.4528759808722183
zone7,ALL,QRLSTM,Ridge,2.4690968701302234
zone7,ALL,Ridge,GBR,2.4812445074727036
zone7,ALL,Ridge,MLP,2.485013304313988
zone7,ALL,Ridge,QRLSTM,2.482670343778964
zone7,ALL,Ridge,Ridge,2.4814409571590277
zone8,ALL,GBR,GBR,2.5592796350212828
zone8,ALL,GBR,MLP,2.5739926515813236
zone8,ALL,GBR,QRLSTM,2.563978809505175
zone8,ALL,GBR,Ridge,2.574195052752286
zone8,ALL,MLP,GBR,2.870642000863147
zone8,ALL,MLP,MLP,2.8602452063016406
zone8,ALL,MLP,QRLSTM,2.8621988594827106
zone8,ALL,MLP,Ridge,2.863931117908039
zone8,ALL,QRLSTM,GBR,2.7128269063051897
zone8,ALL,QRLSTM,MLP,2.73048151777737
zone8,ALL,QRLSTM,QRLSTM,2.708054685495592
zone8,ALL,QRLSTM,Ridge,2.7296111010173645
zone8,ALL,Ridge,GBR,2.6376836071484897
zone8,ALL,Ridge,MLP,2.644916992117322
zone8,ALL,Ridge,QRLSTM,2.640487170035974
zone8,ALL,Ridge,Ridge,2.6348475284574855
zone9,ALL,GBR,GBR,2.537028186218822
zone9,ALL,GBR,MLP,2.546803312036265
zone9,ALL,GBR,QRLSTM,2.5388707224531886
zone9,ALL,GBR,Ridge,2.5534453965312918
zone9,ALL,MLP,GBR,2.729748794247632
zone9,ALL,MLP,MLP,2.731820127253267
zone9,ALL,MLP,QRLSTM,2.729154429297968
zone9,ALL,MLP,Ridge,2.7272980494867687
zone9,ALL,QRLSTM,GBR,2.7396495133909196
zone9,ALL,QRLSTM,MLP,2.749422586246467
zone9,ALL,QRLSTM,QRLSTM,2.737935071931232
zone9,ALL,QRLSTM,Ridge,2.7538721836848845
zone9,ALL,Ridge,GBR,2.637341794715253
zone9,ALL,Ridge,MLP,2.6484266065770505
zone9,ALL,Ridge,QRLSTM,2.643476875807371
zone9,ALL,Ridge,Ridge,2.6369730522685146
